  0
SECTION
  2
HEADER
  9
$ACADVER
  1
AC1015
  9
$ACADMAINTVER
 70
     6
  9
$DWGCODEPAGE
  3
ANSI_1252
  9
$INSBASE
 10
0.0
 20
0.0
 30
0.0
  9
$EXTMIN
 10
0.0
 20
0.0
 30
0.0
  9
$EXTMAX
 10
841.0
 20
594.0
 30
0.0
  9
$LIMMIN
 10
0.0
 20
0.0
  9
$LIMMAX
 10
841.0
 20
594.0
  9
$ORTHOMODE
 70
     0
  9
$REGENMODE
 70
     1
  9
$FILLMODE
 70
     1
  9
$QTEXTMODE
 70
     0
  9
$MIRRTEXT
 70
     0
  9
$LTSCALE
 40
1.0
  9
$ATTMODE
 70
     1
  9
$TEXTSIZE
 40
3.5
  9
$TRACEWID
 40
1.0
  9
$TEXTSTYLE
  7
Standard
  9
$CLAYER
  8
0
  9
$CELTYPE
  6
ByLayer
  9
$CECOLOR
 62
   256
  9
$CELTSCALE
 40
1.0
  9
$DISPSILH
 70
     0
  9
$DIMSCALE
 40
1.0
  9
$DIMASZ
 40
3.302
  9
$DIMEXO
 40
1.0
  9
$DIMDLI
 40
3.75
  9
$DIMRND
 40
0.0
  9
$DIMDLE
 40
0.0
  9
$DIMEXE
 40
1.0
  9
$DIMTP
 40
0.0
  9
$DIMTM
 40
0.0
  9
$DIMTXT
 40
3.5
  9
$DIMCEN
 40
2.5
  9
$DIMTSZ
 40
0.0
  9
$DIMTOL
 70
     0
  9
$DIMLIM
 70
     0
  9
$DIMTIH
 70
     1
  9
$DIMTOH
 70
     1
  9
$DIMSE1
 70
     0
  9
$DIMSE2
 70
     0
  9
$DIMTAD
 70
     1
  9
$DIMZIN
 70
     1
  9
$DIMBLK
  1

  9
$DIMASO
 70
     1
  9
$DIMSHO
 70
     1
  9
$DIMPOST
  1

  9
$DIMAPOST
  1

  9
$DIMALT
 70
     0
  9
$DIMALTD
 70
     3
  9
$DIMALTF
 40
0.0393700787
  9
$DIMLFAC
 40
0.5
  9
$DIMTOFL
 70
     1
  9
$DIMTVP
 40
0.0
  9
$DIMTIX
 70
     0
  9
$DIMSOXD
 70
     0
  9
$DIMSAH
 70
     0
  9
$DIMBLK1
  1

  9
$DIMBLK2
  1

  9
$DIMSTYLE
  2
ISO-25
  9
$DIMCLRD
 70
     0
  9
$DIMCLRE
 70
     0
  9
$DIMCLRT
 70
     0
  9
$DIMTFAC
 40
1.0
  9
$DIMGAP
 40
1.524
  9
$DIMJUST
 70
     0
  9
$DIMSD1
 70
     0
  9
$DIMSD2
 70
     0
  9
$DIMTOLJ
 70
     0
  9
$DIMTZIN
 70
     1
  9
$DIMALTZ
 70
     0
  9
$DIMALTTZ
 70
     0
  9
$DIMUPT
 70
     0
  9
$DIMDEC
 70
     2
  9
$DIMTDEC
 70
     2
  9
$DIMALTU
 70
     2
  9
$DIMALTTD
 70
     3
  9
$DIMTXSTY
  7
Standard
  9
$DIMAUNIT
 70
     0
  9
$DIMADEC
 70
     2
  9
$DIMALTRND
 40
0.0
  9
$DIMAZIN
 70
     0
  9
$DIMDSEP
 70
    44
  9
$DIMATFIT
 70
     3
  9
$DIMFRAC
 70
     0
  9
$DIMLDRBLK
  1

  9
$DIMLUNIT
 70
     2
  9
$DIMLWD
 70
    -2
  9
$DIMLWE
 70
    -2
  9
$DIMTMOVE
 70
     0
  9
$LUNITS
 70
     2
  9
$LUPREC
 70
     2
  9
$SKETCHINC
 40
1.0
  9
$FILLETRAD
 40
0.0
  9
$AUNITS
 70
     0
  9
$AUPREC
 70
     2
  9
$MENU
  1
.
  9
$ELEVATION
 40
0.0
  9
$PELEVATION
 40
0.0
  9
$THICKNESS
 40
0.0
  9
$LIMCHECK
 70
     0
  9
$CHAMFERA
 40
0.0
  9
$CHAMFERB
 40
0.0
  9
$CHAMFERC
 40
0.0
  9
$CHAMFERD
 40
0.0
  9
$SKPOLY
 70
     0
  9
$TDCREATE
 40
2461266.65355941
  9
$TDUCREATE
 40
2461266.424392743
  9
$TDUPDATE
 40
2461266.653560579
  9
$TDUUPDATE
 40
2461266.424393912
  9
$TDINDWG
 40
0.0000000116
  9
$TDUSRTIMER
 40
0.0000000116
  9
$USRTIMER
 70
     1
  9
$ANGBASE
 50
0.0
  9
$ANGDIR
 70
     0
  9
$PDMODE
 70
     0
  9
$PDSIZE
 40
-1.0
  9
$PLINEWID
 40
0.0
  9
$SPLFRAME
 70
     0
  9
$SPLINETYPE
 70
     6
  9
$SPLINESEGS
 70
     8
  9
$HANDSEED
  5
1C7
  9
$SURFTAB1
 70
     6
  9
$SURFTAB2
 70
     6
  9
$SURFTYPE
 70
     6
  9
$SURFU
 70
     6
  9
$SURFV
 70
     6
  9
$UCSBASE
  2

  9
$UCSNAME
  2

  9
$UCSORG
 10
0.0
 20
0.0
 30
0.0
  9
$UCSXDIR
 10
1.0
 20
0.0
 30
0.0
  9
$UCSYDIR
 10
0.0
 20
1.0
 30
0.0
  9
$UCSORTHOREF
  2

  9
$UCSORTHOVIEW
 70
     0
  9
$UCSORGTOP
 10
0.0
 20
0.0
 30
0.0
  9
$UCSORGBOTTOM
 10
0.0
 20
0.0
 30
0.0
  9
$UCSORGLEFT
 10
0.0
 20
0.0
 30
0.0
  9
$UCSORGRIGHT
 10
0.0
 20
0.0
 30
0.0
  9
$UCSORGFRONT
 10
0.0
 20
0.0
 30
0.0
  9
$UCSORGBACK
 10
0.0
 20
0.0
 30
0.0
  9
$PUCSBASE
  2

  9
$PUCSNAME
  2

  9
$PUCSORG
 10
0.0
 20
0.0
 30
0.0
  9
$PUCSXDIR
 10
1.0
 20
0.0
 30
0.0
  9
$PUCSYDIR
 10
0.0
 20
1.0
 30
0.0
  9
$PUCSORTHOREF
  2

  9
$PUCSORTHOVIEW
 70
     0
  9
$PUCSORGTOP
 10
0.0
 20
0.0
 30
0.0
  9
$PUCSORGBOTTOM
 10
0.0
 20
0.0
 30
0.0
  9
$PUCSORGLEFT
 10
0.0
 20
0.0
 30
0.0
  9
$PUCSORGRIGHT
 10
0.0
 20
0.0
 30
0.0
  9
$PUCSORGFRONT
 10
0.0
 20
0.0
 30
0.0
  9
$PUCSORGBACK
 10
0.0
 20
0.0
 30
0.0
  9
$USERI1
 70
     0
  9
$USERI2
 70
     0
  9
$USERI3
 70
     0
  9
$USERI4
 70
     0
  9
$USERI5
 70
     0
  9
$USERR1
 40
0.0
  9
$USERR2
 40
0.0
  9
$USERR3
 40
0.0
  9
$USERR4
 40
0.0
  9
$USERR5
 40
0.0
  9
$WORLDVIEW
 70
     1
  9
$SHADEDGE
 70
     3
  9
$SHADEDIF
 70
    70
  9
$TILEMODE
 70
     1
  9
$MAXACTVP
 70
    64
  9
$PINSBASE
 10
0.0
 20
0.0
 30
0.0
  9
$PLIMCHECK
 70
     0
  9
$PEXTMIN
 10
1.0000000000E+20
 20
1.0000000000E+20
 30
1.0000000000E+20
  9
$PEXTMAX
 10
-1.0000000000E+20
 20
-1.0000000000E+20
 30
-1.0000000000E+20
  9
$PLIMMIN
 10
0.0
 20
0.0
  9
$PLIMMAX
 10
420.0
 20
297.0
  9
$UNITMODE
 70
     0
  9
$VISRETAIN
 70
     1
  9
$PLINEGEN
 70
     0
  9
$PSLTSCALE
 70
     1
  9
$TREEDEPTH
 70
  3020
  9
$CMLSTYLE
  2
Standard
  9
$CMLJUST
 70
     0
  9
$CMLSCALE
 40
20.0
  9
$PROXYGRAPHICS
 70
     1
  9
$MEASUREMENT
 70
     1
  9
$CELWEIGHT
370
    -1
  9
$ENDCAPS
280
     0
  9
$JOINSTYLE
280
     0
  9
$LWDISPLAY
290
     1
  9
$INSUNITS
 70
     4
  9
$HYPERLINKBASE
  1

  9
$STYLESHEET
  1

  9
$XEDIT
290
     1
  9
$CEPSNTYPE
380
     0
  9
$PSTYLEMODE
290
     1
  9
$FINGERPRINTGUID
  2
{d196bd49-3f63-4b87-91ee-97f1fb7e9de2}
  9
$VERSIONGUID
  2
{FAEB1C32-E019-11D5-929B-00C0DF256EC4}
  9
$EXTNAMES
290
     1
  9
$PSVPSCALE
 40
0.0
  9
$OLESTARTUP
290
     0
  0
ENDSEC
  0
SECTION
  2
CLASSES
  0
CLASS
  1
ACDBDICTIONARYWDFLT
  2
AcDbDictionaryWithDefault
  3
ObjectDBX Classes
 90
        0
280
     0
281
     0
  0
CLASS
  1
VISUALSTYLE
  2
AcDbVisualStyle
  3
ObjectDBX Classes
 90
     4095
280
     0
281
     0
  0
CLASS
  1
MATERIAL
  2
AcDbMaterial
  3
ObjectDBX Classes
 90
     1153
280
     0
281
     0
  0
CLASS
  1
SCALE
  2
AcDbScale
  3
ObjectDBX Classes
 90
     1153
280
     0
281
     0
  0
CLASS
  1
TABLESTYLE
  2
AcDbTableStyle
  3
ObjectDBX Classes
 90
     4095
280
     0
281
     0
  0
CLASS
  1
MLEADERSTYLE
  2
AcDbMLeaderStyle
  3
ACDB_MLEADERSTYLE_CLASS
 90
     4095
280
     0
281
     0
  0
CLASS
  1
SUN
  2
AcDbSun
  3
SCENEOE
 90
     1153
280
     0
281
     0
  0
CLASS
  1
ACDBPLACEHOLDER
  2
AcDbPlaceHolder
  3
ObjectDBX Classes
 90
        0
280
     0
281
     0
  0
CLASS
  1
LAYOUT
  2
AcDbLayout
  3
ObjectDBX Classes
 90
        0
280
     0
281
     0
  0
ENDSEC
  0
SECTION
  2
TABLES
  0
TABLE
  2
VPORT
  5
8
330
0
100
AcDbSymbolTable
 70
     1
  0
VPORT
  5
29
330
8
100
AcDbSymbolTableRecord
100
AcDbViewportTableRecord
  2
*Active
 70
     0
 10
0.0
 20
0.0
 11
1.0
 21
1.0
 12
420.5
 22
297.0
 13
0.0
 23
0.0
 14
10.0
 24
10.0
 15
10.0
 25
10.0
 16
0.0
 26
0.0
 36
1.0
 17
0.0
 27
0.0
 37
0.0
 40
594.0
 41
1.4158249158
 42
50.0
 43
0.0
 44
0.0
 50
0.0
 51
0.0
 71
     0
 72
  2000
 73
     1
 74
     3
 75
     0
 76
     0
 77
     0
 78
     0
281
     0
 65
     1
110
0.0
120
0.0
130
0.0
111
1.0
121
0.0
131
0.0
112
0.0
122
1.0
132
0.0
 79
     0
146
0.0
  0
ENDTAB
  0
TABLE
  2
LTYPE
  5
5
330
0
100
AcDbSymbolTable
 70
     6
  0
LTYPE
  5
14
330
5
100
AcDbSymbolTableRecord
100
AcDbLinetypeTableRecord
  2
ByBlock
 70
     0
  3

 72
    65
 73
     0
 40
0.0
  0
LTYPE
  5
15
330
5
100
AcDbSymbolTableRecord
100
AcDbLinetypeTableRecord
  2
ByLayer
 70
     0
  3

 72
    65
 73
     0
 40
0.0
  0
LTYPE
  5
16
330
5
100
AcDbSymbolTableRecord
100
AcDbLinetypeTableRecord
  2
Continuous
 70
     0
  3
Solid line
 72
    65
 73
     0
 40
0.0
  0
LTYPE
  5
5E
330
5
100
AcDbSymbolTableRecord
100
AcDbLinetypeTableRecord
  2
HIDDEN
 70
     0
  3
Hidden __ __ __ __ __ __ __ __ __ __ __ __ __ __
 72
    65
 73
     2
 40
1.905
 49
1.27
 74
     0
 49
-0.635
 74
     0
  0
LTYPE
  5
5F
330
5
100
AcDbSymbolTableRecord
100
AcDbLinetypeTableRecord
  2
PHANTOM
 70
     0
  3
Phantom ______  __  __  ______  __  __  ______
 72
    65
 73
     6
 40
12.7
 49
6.35
 74
     0
 49
-1.27
 74
     0
 49
1.27
 74
     0
 49
-1.27
 74
     0
 49
1.27
 74
     0
 49
-1.27
 74
     0
  0
LTYPE
  5
60
330
5
100
AcDbSymbolTableRecord
100
AcDbLinetypeTableRecord
  2
CENTER
 70
     0
  3
Center ____ _ ____ _ ____ _ ____ _ ____ _ ____
 72
    65
 73
     4
 40
10.16
 49
6.35
 74
     0
 49
-1.27
 74
     0
 49
1.27
 74
     0
 49
-1.27
 74
     0
  0
LTYPE
  5
61
330
5
100
AcDbSymbolTableRecord
100
AcDbLinetypeTableRecord
  2
CENTERX2
 70
     0
  3
Center (2x) ________  __  ________  __  _____
 72
    65
 73
     4
 40
20.32
 49
12.7
 74
     0
 49
-2.54
 74
     0
 49
2.54
 74
     0
 49
-2.54
 74
     0
  0
LTYPE
  5
62
330
5
100
AcDbSymbolTableRecord
100
AcDbLinetypeTableRecord
  2
DOT2
 70
     0
  3
Dot (.5x) ........................................
 72
    65
 73
     2
 40
0.635
 49
0.0
 74
     0
 49
-0.635
 74
     0
  0
ENDTAB
  0
TABLE
  2
LAYER
  5
2
330
0
100
AcDbSymbolTable
 70
     2
  0
LAYER
  5
10
330
2
100
AcDbSymbolTableRecord
100
AcDbLayerTableRecord
  2
0
 70
     0
 62
     7
  6
Continuous
370
    -3
390
F
  0
LAYER
  5
63
330
2
100
AcDbSymbolTableRecord
100
AcDbLayerTableRecord
  2
FORMAT
 70
     0
 62
     7
  6
Continuous
370
    -3
390
F
  0
ENDTAB
  0
TABLE
  2
STYLE
  5
3
330
0
100
AcDbSymbolTable
 70
     5
  0
STYLE
  5
11
330
3
100
AcDbSymbolTableRecord
100
AcDbTextStyleTableRecord
  2
Standard
 70
     0
 40
0.0
 41
1.0
 50
0.0
 71
     0
 42
3.5
  3
txt
  4

  0
STYLE
  5
BD
330
3
100
AcDbSymbolTableRecord
100
AcDbTextStyleTableRecord
  2
SLDTEXTSTYLE0
 70
     0
 40
0.0
 41
0.75
 50
0.0
 71
     0
 42
3.5
  3
TXT
  4

  0
STYLE
  5
F6
330
3
100
AcDbSymbolTableRecord
100
AcDbTextStyleTableRecord
  2
SLDTEXTSTYLE1
 70
     0
 40
0.0
 41
0.6864493306
 50
0.0
 71
     0
 42
3.5
  3
TXT
  4

  0
STYLE
  5
117
330
3
100
AcDbSymbolTableRecord
100
AcDbTextStyleTableRecord
  2
SLDTEXTSTYLE2
 70
     0
 40
0.0
 41
0.6875
 50
0.0
 71
     0
 42
3.5
  3
TXT
  4

  0
STYLE
  5
1C3
330
3
100
AcDbSymbolTableRecord
100
AcDbTextStyleTableRecord
  2
SLDTEXTSTYLE3
 70
     0
 40
0.0
 41
0.7
 50
0.0
 71
     0
 42
3.5
  3
TXT
  4

  0
ENDTAB
  0
TABLE
  2
VIEW
  5
6
330
0
100
AcDbSymbolTable
 70
     0
  0
ENDTAB
  0
TABLE
  2
UCS
  5
7
330
0
100
AcDbSymbolTable
 70
     0
  0
ENDTAB
  0
TABLE
  2
APPID
  5
9
330
0
100
AcDbSymbolTable
 70
     1
  0
APPID
  5
12
330
9
100
AcDbSymbolTableRecord
100
AcDbRegAppTableRecord
  2
ACAD
 70
     0
  0
ENDTAB
  0
TABLE
  2
DIMSTYLE
  5
A
330
0
100
AcDbSymbolTable
 70
     1
100
AcDbDimStyleTable
  0
DIMSTYLE
105
27
330
A
100
AcDbSymbolTableRecord
100
AcDbDimStyleTableRecord
  2
ISO-25
 70
     0
 41
2.5
 42
0.625
 43
3.75
 44
1.25
 73
     0
 74
     0
 77
     1
 78
     8
140
2.5
141
2.5
143
0.0393700787
147
0.625
171
     3
172
     1
178
     0
271
     2
272
     2
274
     3
278
    44
283
     0
284
     8
340
11
  0
ENDTAB
  0
TABLE
  2
BLOCK_RECORD
  5
1
330
0
100
AcDbSymbolTable
 70
     3
  0
BLOCK_RECORD
  5
1F
330
1
100
AcDbSymbolTableRecord
100
AcDbBlockTableRecord
  2
*Model_Space
340
22
  0
BLOCK_RECORD
  5
1B
330
1
100
AcDbSymbolTableRecord
100
AcDbBlockTableRecord
  2
*Paper_Space
340
1E
  0
BLOCK_RECORD
  5
23
330
1
100
AcDbSymbolTableRecord
100
AcDbBlockTableRecord
  2
*Paper_Space0
340
26
  0
BLOCK_RECORD
  5
FC
330
1
100
AcDbSymbolTableRecord
100
AcDbBlockTableRecord
  2
SW_NOTE_0
340
0
102
{BLKREFS
331
105
102
}
  0
BLOCK_RECORD
  5
107
330
1
100
AcDbSymbolTableRecord
100
AcDbBlockTableRecord
  2
SW_NOTE_0_1
340
0
102
{BLKREFS
331
10D
102
}
  0
ENDTAB
  0
ENDSEC
  0
SECTION
  2
BLOCKS
  0
BLOCK
  5
20
330
1F
100
AcDbEntity
  8
0
100
AcDbBlockBegin
  2
*Model_Space
 70
     0
 10
0.0
 20
0.0
 30
0.0
  3
*Model_Space
  1

  0
ENDBLK
  5
21
330
1F
100
AcDbEntity
  8
0
100
AcDbBlockEnd
  0
BLOCK
  5
1C
330
1B
100
AcDbEntity
 67
     1
  8
0
100
AcDbBlockBegin
  2
*Paper_Space
 70
     0
 10
0.0
 20
0.0
 30
0.0
  3
*Paper_Space
  1

  0
ENDBLK
  5
1D
330
1B
100
AcDbEntity
 67
     1
  8
0
100
AcDbBlockEnd
  0
BLOCK
  5
24
330
23
100
AcDbEntity
  8
0
100
AcDbBlockBegin
  2
*Paper_Space0
 70
     0
 10
0.0
 20
0.0
 30
0.0
  3
*Paper_Space0
  1

  0
ENDBLK
  5
25
330
23
100
AcDbEntity
  8
0
100
AcDbBlockEnd
  0
BLOCK
  5
FD
330
FC
100
AcDbEntity
  8
0
100
AcDbBlockBegin
  2
SW_NOTE_0
 70
     0
 10
0.0
 20
0.0
 30
0.0
  3
SW_NOTE_0
  1

  0
MTEXT
  5
FF
330
FC
100
AcDbEntity
  8
0
  6
Continuous
 62
     0
370
     0
100
AcDbMText
 10
0.0
 20
1.9336016097
 30
0.0
 40
1.5
 41
0.0
 71
     1
 72
     1
  1
UNLESS OTHERWISE SPECIFIED:
  7
SLDTEXTSTYLE0
 73
     1
 44
1.0
  0
MTEXT
  5
100
330
FC
100
AcDbEntity
  8
0
  6
Continuous
 62
     0
370
     0
100
AcDbMText
 10
0.0
 20
-0.5663983345
 30
0.0
 40
1.5
 41
0.0
 71
     1
 72
     1
  1
DIMENSIONS ARE IN MILLIMETERS
  7
SLDTEXTSTYLE0
 73
     1
 44
1.0
  0
MTEXT
  5
101
330
FC
100
AcDbEntity
  8
0
  6
Continuous
 62
     0
370
     0
100
AcDbMText
 10
0.0
 20
-3.0663982786
 30
0.0
 40
1.5
 41
0.0
 71
     1
 72
     1
  1
SURFACE FINISH:
  7
SLDTEXTSTYLE0
 73
     1
 44
1.0
  0
MTEXT
  5
102
330
FC
100
AcDbEntity
  8
0
  6
Continuous
 62
     0
370
     0
100
AcDbMText
 10
0.0
 20
-5.5663982227
 30
0.0
 40
1.5
 41
0.0
 71
     1
 72
     1
  1
TOLERANCES:
  7
SLDTEXTSTYLE0
 73
     1
 44
1.0
  0
MTEXT
  5
103
330
FC
100
AcDbEntity
  8
0
  6
Continuous
 62
     0
370
     0
100
AcDbMText
 10
1.6875
 20
-8.0663981668
 30
0.0
 40
1.5
 41
0.0
 71
     1
 72
     1
  1
LINEAR:
  7
SLDTEXTSTYLE0
 73
     1
 44
1.0
  0
MTEXT
  5
104
330
FC
100
AcDbEntity
  8
0
  6
Continuous
 62
     0
370
     0
100
AcDbMText
 10
1.6875
 20
-10.5663981109
 30
0.0
 40
1.5
 41
0.0
 71
     1
 72
     1
  1
ANGULAR:
  7
SLDTEXTSTYLE0
 73
     1
 44
1.0
  0
ENDBLK
  5
FE
330
FC
100
AcDbEntity
  8
0
100
AcDbBlockEnd
  0
BLOCK
  5
108
330
107
100
AcDbEntity
  8
0
100
AcDbBlockBegin
  2
SW_NOTE_0_1
 70
     0
 10
0.0
 20
0.0
 30
0.0
  3
SW_NOTE_0_1
  1

  0
MTEXT
  5
10A
330
107
100
AcDbEntity
  8
0
  6
Continuous
 62
     0
370
     0
100
AcDbMText
 10
0.0
 20
1.9336016097
 30
0.0
 40
1.5
 41
0.0
 71
     1
 72
     1
  1
DEBURR AND
  7
SLDTEXTSTYLE0
 73
     1
 44
1.0
  0
MTEXT
  5
10B
330
107
100
AcDbEntity
  8
0
  6
Continuous
 62
     0
370
     0
100
AcDbMText
 10
0.0
 20
-0.5663983345
 30
0.0
 40
1.5
 41
0.0
 71
     1
 72
     1
  1
BREAK SHARP
  7
SLDTEXTSTYLE0
 73
     1
 44
1.0
  0
MTEXT
  5
10C
330
107
100
AcDbEntity
  8
0
  6
Continuous
 62
     0
370
     0
100
AcDbMText
 10
0.0
 20
-3.0663982786
 30
0.0
 40
1.5
 41
0.0
 71
     1
 72
     1
  1
EDGES
  7
SLDTEXTSTYLE0
 73
     1
 44
1.0
  0
ENDBLK
  5
109
330
107
100
AcDbEntity
  8
0
100
AcDbBlockEnd
  0
ENDSEC
  0
SECTION
  2
ENTITIES
  0
LINE
  5
64
330
1F
100
AcDbEntity
  8
0
  6
Continuous
 62
     7
370
    50
100
AcDbLine
 10
651.0
 20
14.25
 30
0.0
 11
831.0
 21
14.25
 31
0.0
  0
LINE
  5
65
330
1F
100
AcDbEntity
  8
0
  6
Continuous
 62
     7
370
    50
100
AcDbLine
 10
831.0
 20
48.25
 30
0.0
 11
651.0
 21
48.25
 31
0.0
  0
LINE
  5
66
330
1F
100
AcDbEntity
  8
0
  6
Continuous
 62
     7
370
    50
100
AcDbLine
 10
651.0
 20
65.25
 30
0.0
 11
831.0
 21
65.25
 31
0.0
  0
LINE
  5
67
330
1F
100
AcDbEntity
  8
0
  6
Continuous
 62
     7
370
    50
100
AcDbLine
 10
677.9909524338
 20
48.25
 30
0.0
 11
677.9909524338
 21
10.0
 31
0.0
  0
LINE
  5
68
330
1F
100
AcDbEntity
  8
0
  6
Continuous
 62
     7
370
    50
100
AcDbLine
 10
749.8
 20
31.25
 30
0.0
 11
651.0
 21
31.25
 31
0.0
  0
LINE
  5
69
330
1F
100
AcDbEntity
  8
0
  6
Continuous
 62
     7
370
    50
100
AcDbLine
 10
749.8
 20
35.5
 30
0.0
 11
651.0
 21
35.5
 31
0.0
  0
LINE
  5
6A
330
1F
100
AcDbEntity
  8
0
  6
Continuous
 62
     7
370
    50
100
AcDbLine
 10
749.8
 20
39.75
 30
0.0
 11
651.0
 21
39.75
 31
0.0
  0
LINE
  5
6B
330
1F
100
AcDbEntity
  8
0
  6
Continuous
 62
     7
370
    50
100
AcDbLine
 10
749.8
 20
44.0
 30
0.0
 11
651.0
 21
44.0
 31
0.0
  0
LINE
  5
6C
330
1F
100
AcDbEntity
  8
0
  6
Continuous
 62
     7
370
    50
100
AcDbLine
 10
705.6
 20
10.0
 30
0.0
 11
705.6
 21
48.25
 31
0.0
  0
LINE
  5
6D
330
1F
100
AcDbEntity
  8
0
  6
Continuous
 62
     7
370
    50
100
AcDbLine
 10
651.0
 20
65.25
 30
0.0
 11
651.0
 21
10.0
 31
0.0
  0
LINE
  5
6E
330
1F
100
AcDbEntity
  8
0
  6
Continuous
 62
     7
370
    50
100
AcDbLine
 10
658.8
 20
48.25
 30
0.0
 11
658.8
 21
10.0
 31
0.0
  0
LINE
  5
6F
330
1F
100
AcDbEntity
  8
0
  6
Continuous
 62
     7
370
    50
100
AcDbLine
 10
684.8
 20
48.25
 30
0.0
 11
684.8
 21
65.25
 31
0.0
  0
LINE
  5
70
330
1F
100
AcDbEntity
  8
0
  6
Continuous
 62
     7
370
    50
100
AcDbLine
 10
695.3989261635
 20
48.25
 30
0.0
 11
695.3989261635
 21
10.0
 31
0.0
  0
LINE
  5
71
330
1F
100
AcDbEntity
  8
0
  6
Continuous
 62
     7
370
    50
100
AcDbLine
 10
716.0
 20
31.25
 30
0.0
 11
716.0
 21
48.25
 31
0.0
  0
LINE
  5
72
330
1F
100
AcDbEntity
  8
0
  6
Continuous
 62
     7
370
    50
100
AcDbLine
 10
705.6
 20
18.5
 30
0.0
 11
651.0
 21
18.5
 31
0.0
  0
LINE
  5
73
330
1F
100
AcDbEntity
  8
0
  6
Continuous
 62
     7
370
    50
100
AcDbLine
 10
731.6
 20
65.25
 30
0.0
 11
731.6
 21
27.0
 31
0.0
  0
LINE
  5
74
330
1F
100
AcDbEntity
  8
0
  6
Continuous
 62
     7
370
    50
100
AcDbLine
 10
705.6
 20
22.749928
 30
0.0
 11
651.0
 21
22.749928
 31
0.0
  0
LINE
  5
75
330
1F
100
AcDbEntity
  8
0
  6
Continuous
 62
     7
370
    50
100
AcDbLine
 10
705.6
 20
27.0
 30
0.0
 11
651.0
 21
27.0
 31
0.0
  0
LINE
  5
76
330
1F
100
AcDbEntity
  8
0
  6
Continuous
 62
     7
370
    50
100
AcDbLine
 10
705.6
 20
27.0
 30
0.0
 11
831.0
 21
27.0
 31
0.0
  0
LINE
  5
77
330
1F
100
AcDbEntity
  8
0
  6
Continuous
 62
     7
370
    50
100
AcDbLine
 10
749.8
 20
65.25
 30
0.0
 11
749.8
 21
10.0
 31
0.0
  0
LINE
  5
78
330
1F
100
AcDbEntity
  8
0
  6
Continuous
 62
     7
370
    50
100
AcDbLine
 10
794.0
 20
10.0
 30
0.0
 11
794.0
 21
14.25
 31
0.0
  0
LINE
  5
79
330
1F
100
AcDbEntity
  8
0
  6
Continuous
 62
     7
370
    50
100
AcDbLine
 10
801.8
 20
58.875
 30
0.0
 11
801.8
 21
65.25
 31
0.0
  0
LINE
  5
7A
330
1F
100
AcDbEntity
  8
0
  6
Continuous
 62
     7
370
    50
100
AcDbLine
 10
818.0
 20
14.25
 30
0.0
 11
818.0
 21
27.0
 31
0.0
  0
LINE
  5
7B
330
1F
100
AcDbEntity
  8
0
  6
Continuous
 62
     7
370
    50
100
AcDbLine
 10
831.0
 20
58.875
 30
0.0
 11
749.8
 21
58.875
 31
0.0
  0
LINE
  5
7C
330
1F
100
AcDbEntity
  8
0
  6
Continuous
 62
     7
370
    50
100
AcDbLine
 10
831.0
 20
18.5
 30
0.0
 11
818.0
 21
18.5
 31
0.0
  0
LINE
  5
7D
330
1F
100
AcDbEntity
  8
0
  6
Continuous
 62
     7
370
    70
100
AcDbLine
 10
20.0
 20
10.0
 30
0.0
 11
20.0
 21
584.0
 31
0.0
  0
LINE
  5
7E
330
1F
100
AcDbEntity
  8
0
  6
Continuous
 62
     7
370
    70
100
AcDbLine
 10
20.0
 20
584.0
 30
0.0
 11
831.0
 21
584.0
 31
0.0
  0
LINE
  5
7F
330
1F
100
AcDbEntity
  8
0
  6
Continuous
 62
     7
370
    70
100
AcDbLine
 10
831.0
 20
584.0
 30
0.0
 11
831.0
 21
10.0
 31
0.0
  0
LINE
  5
80
330
1F
100
AcDbEntity
  8
0
  6
Continuous
 62
     7
370
    70
100
AcDbLine
 10
831.0
 20
10.0
 30
0.0
 11
20.0
 21
10.0
 31
0.0
  0
LINE
  5
81
330
1F
100
AcDbEntity
  8
0
  6
Continuous
 62
     7
370
    70
100
AcDbLine
 10
15.0
 20
5.0
 30
0.0
 11
15.0
 21
589.0
 31
0.0
  0
LINE
  5
82
330
1F
100
AcDbEntity
  8
0
  6
Continuous
 62
     7
370
    70
100
AcDbLine
 10
15.0
 20
589.0
 30
0.0
 11
836.0
 21
589.0
 31
0.0
  0
LINE
  5
83
330
1F
100
AcDbEntity
  8
0
  6
Continuous
 62
     7
370
    70
100
AcDbLine
 10
836.0
 20
589.0
 30
0.0
 11
836.0
 21
5.0
 31
0.0
  0
LINE
  5
84
330
1F
100
AcDbEntity
  8
0
  6
Continuous
 62
     7
370
    70
100
AcDbLine
 10
836.0
 20
5.0
 30
0.0
 11
15.0
 21
5.0
 31
0.0
  0
LINE
  5
85
330
1F
100
AcDbEntity
  8
0
  6
Continuous
 62
     7
370
    35
100
AcDbLine
 10
15.0
 20
297.0
 30
0.0
 11
25.0
 21
297.0
 31
0.0
  0
LINE
  5
86
330
1F
100
AcDbEntity
  8
0
  6
Continuous
 62
     7
370
    35
100
AcDbLine
 10
425.5
 20
589.0
 30
0.0
 11
425.5
 21
579.0
 31
0.0
  0
LINE
  5
87
330
1F
100
AcDbEntity
  8
0
  6
Continuous
 62
     7
370
    35
100
AcDbLine
 10
836.0
 20
297.0
 30
0.0
 11
826.0
 21
297.0
 31
0.0
  0
LINE
  5
88
330
1F
100
AcDbEntity
  8
0
  6
Continuous
 62
     7
370
    35
100
AcDbLine
 10
425.5
 20
5.0
 30
0.0
 11
425.5
 21
15.0
 31
0.0
  0
LINE
  5
89
330
1F
100
AcDbEntity
  8
0
  6
Continuous
 62
     7
370
    35
100
AcDbLine
 10
20.0
 20
47.0
 30
0.0
 11
15.0
 21
47.0
 31
0.0
  0
LINE
  5
8A
330
1F
100
AcDbEntity
  8
0
  6
Continuous
 62
     7
370
    35
100
AcDbLine
 10
831.0
 20
47.0
 30
0.0
 11
836.0
 21
47.0
 31
0.0
  0
LINE
  5
8B
330
1F
100
AcDbEntity
  8
0
  6
Continuous
 62
     7
370
    35
100
AcDbLine
 10
20.0
 20
97.0
 30
0.0
 11
15.0
 21
97.0
 31
0.0
  0
LINE
  5
8C
330
1F
100
AcDbEntity
  8
0
  6
Continuous
 62
     7
370
    35
100
AcDbLine
 10
831.0
 20
97.0
 30
0.0
 11
836.0
 21
97.0
 31
0.0
  0
LINE
  5
8D
330
1F
100
AcDbEntity
  8
0
  6
Continuous
 62
     7
370
    35
100
AcDbLine
 10
20.0
 20
147.0
 30
0.0
 11
15.0
 21
147.0
 31
0.0
  0
LINE
  5
8E
330
1F
100
AcDbEntity
  8
0
  6
Continuous
 62
     7
370
    35
100
AcDbLine
 10
831.0
 20
147.0
 30
0.0
 11
836.0
 21
147.0
 31
0.0
  0
LINE
  5
8F
330
1F
100
AcDbEntity
  8
0
  6
Continuous
 62
     7
370
    35
100
AcDbLine
 10
20.0
 20
197.0
 30
0.0
 11
15.0
 21
197.0
 31
0.0
  0
LINE
  5
90
330
1F
100
AcDbEntity
  8
0
  6
Continuous
 62
     7
370
    35
100
AcDbLine
 10
831.0
 20
197.0
 30
0.0
 11
836.0
 21
197.0
 31
0.0
  0
LINE
  5
91
330
1F
100
AcDbEntity
  8
0
  6
Continuous
 62
     7
370
    35
100
AcDbLine
 10
20.0
 20
247.0
 30
0.0
 11
15.0
 21
247.0
 31
0.0
  0
LINE
  5
92
330
1F
100
AcDbEntity
  8
0
  6
Continuous
 62
     7
370
    35
100
AcDbLine
 10
831.0
 20
247.0
 30
0.0
 11
836.0
 21
247.0
 31
0.0
  0
LINE
  5
93
330
1F
100
AcDbEntity
  8
0
  6
Continuous
 62
     7
370
    35
100
AcDbLine
 10
20.0
 20
297.0
 30
0.0
 11
15.0
 21
297.0
 31
0.0
  0
LINE
  5
94
330
1F
100
AcDbEntity
  8
0
  6
Continuous
 62
     7
370
    35
100
AcDbLine
 10
831.0
 20
297.0
 30
0.0
 11
836.0
 21
297.0
 31
0.0
  0
LINE
  5
95
330
1F
100
AcDbEntity
  8
0
  6
Continuous
 62
     7
370
    35
100
AcDbLine
 10
20.0
 20
347.0
 30
0.0
 11
15.0
 21
347.0
 31
0.0
  0
LINE
  5
96
330
1F
100
AcDbEntity
  8
0
  6
Continuous
 62
     7
370
    35
100
AcDbLine
 10
831.0
 20
347.0
 30
0.0
 11
836.0
 21
347.0
 31
0.0
  0
LINE
  5
97
330
1F
100
AcDbEntity
  8
0
  6
Continuous
 62
     7
370
    35
100
AcDbLine
 10
20.0
 20
397.0
 30
0.0
 11
15.0
 21
397.0
 31
0.0
  0
LINE
  5
98
330
1F
100
AcDbEntity
  8
0
  6
Continuous
 62
     7
370
    35
100
AcDbLine
 10
831.0
 20
397.0
 30
0.0
 11
836.0
 21
397.0
 31
0.0
  0
LINE
  5
99
330
1F
100
AcDbEntity
  8
0
  6
Continuous
 62
     7
370
    35
100
AcDbLine
 10
20.0
 20
447.0
 30
0.0
 11
15.0
 21
447.0
 31
0.0
  0
LINE
  5
9A
330
1F
100
AcDbEntity
  8
0
  6
Continuous
 62
     7
370
    35
100
AcDbLine
 10
831.0
 20
447.0
 30
0.0
 11
836.0
 21
447.0
 31
0.0
  0
LINE
  5
9B
330
1F
100
AcDbEntity
  8
0
  6
Continuous
 62
     7
370
    35
100
AcDbLine
 10
20.0
 20
497.0
 30
0.0
 11
15.0
 21
497.0
 31
0.0
  0
LINE
  5
9C
330
1F
100
AcDbEntity
  8
0
  6
Continuous
 62
     7
370
    35
100
AcDbLine
 10
831.0
 20
497.0
 30
0.0
 11
836.0
 21
497.0
 31
0.0
  0
LINE
  5
9D
330
1F
100
AcDbEntity
  8
0
  6
Continuous
 62
     7
370
    35
100
AcDbLine
 10
20.0
 20
547.0
 30
0.0
 11
15.0
 21
547.0
 31
0.0
  0
LINE
  5
9E
330
1F
100
AcDbEntity
  8
0
  6
Continuous
 62
     7
370
    35
100
AcDbLine
 10
831.0
 20
547.0
 30
0.0
 11
836.0
 21
547.0
 31
0.0
  0
LINE
  5
9F
330
1F
100
AcDbEntity
  8
0
  6
Continuous
 62
     7
370
    35
100
AcDbLine
 10
75.5
 20
584.0
 30
0.0
 11
75.5
 21
589.0
 31
0.0
  0
LINE
  5
A0
330
1F
100
AcDbEntity
  8
0
  6
Continuous
 62
     7
370
    35
100
AcDbLine
 10
75.5
 20
10.0
 30
0.0
 11
75.5
 21
5.0
 31
0.0
  0
LINE
  5
A1
330
1F
100
AcDbEntity
  8
0
  6
Continuous
 62
     7
370
    35
100
AcDbLine
 10
125.5
 20
584.0
 30
0.0
 11
125.5
 21
589.0
 31
0.0
  0
LINE
  5
A2
330
1F
100
AcDbEntity
  8
0
  6
Continuous
 62
     7
370
    35
100
AcDbLine
 10
125.5
 20
10.0
 30
0.0
 11
125.5
 21
5.0
 31
0.0
  0
LINE
  5
A3
330
1F
100
AcDbEntity
  8
0
  6
Continuous
 62
     7
370
    35
100
AcDbLine
 10
175.5
 20
584.0
 30
0.0
 11
175.5
 21
589.0
 31
0.0
  0
LINE
  5
A4
330
1F
100
AcDbEntity
  8
0
  6
Continuous
 62
     7
370
    35
100
AcDbLine
 10
175.5
 20
10.0
 30
0.0
 11
175.5
 21
5.0
 31
0.0
  0
LINE
  5
A5
330
1F
100
AcDbEntity
  8
0
  6
Continuous
 62
     7
370
    35
100
AcDbLine
 10
225.5
 20
584.0
 30
0.0
 11
225.5
 21
589.0
 31
0.0
  0
LINE
  5
A6
330
1F
100
AcDbEntity
  8
0
  6
Continuous
 62
     7
370
    35
100
AcDbLine
 10
225.5
 20
10.0
 30
0.0
 11
225.5
 21
5.0
 31
0.0
  0
LINE
  5
A7
330
1F
100
AcDbEntity
  8
0
  6
Continuous
 62
     7
370
    35
100
AcDbLine
 10
275.5
 20
584.0
 30
0.0
 11
275.5
 21
589.0
 31
0.0
  0
LINE
  5
A8
330
1F
100
AcDbEntity
  8
0
  6
Continuous
 62
     7
370
    35
100
AcDbLine
 10
275.5
 20
10.0
 30
0.0
 11
275.5
 21
5.0
 31
0.0
  0
LINE
  5
A9
330
1F
100
AcDbEntity
  8
0
  6
Continuous
 62
     7
370
    35
100
AcDbLine
 10
325.5
 20
584.0
 30
0.0
 11
325.5
 21
589.0
 31
0.0
  0
LINE
  5
AA
330
1F
100
AcDbEntity
  8
0
  6
Continuous
 62
     7
370
    35
100
AcDbLine
 10
325.5
 20
10.0
 30
0.0
 11
325.5
 21
5.0
 31
0.0
  0
LINE
  5
AB
330
1F
100
AcDbEntity
  8
0
  6
Continuous
 62
     7
370
    35
100
AcDbLine
 10
375.5
 20
584.0
 30
0.0
 11
375.5
 21
589.0
 31
0.0
  0
LINE
  5
AC
330
1F
100
AcDbEntity
  8
0
  6
Continuous
 62
     7
370
    35
100
AcDbLine
 10
375.5
 20
10.0
 30
0.0
 11
375.5
 21
5.0
 31
0.0
  0
LINE
  5
AD
330
1F
100
AcDbEntity
  8
0
  6
Continuous
 62
     7
370
    35
100
AcDbLine
 10
425.5
 20
584.0
 30
0.0
 11
425.5
 21
589.0
 31
0.0
  0
LINE
  5
AE
330
1F
100
AcDbEntity
  8
0
  6
Continuous
 62
     7
370
    35
100
AcDbLine
 10
425.5
 20
10.0
 30
0.0
 11
425.5
 21
5.0
 31
0.0
  0
LINE
  5
AF
330
1F
100
AcDbEntity
  8
0
  6
Continuous
 62
     7
370
    35
100
AcDbLine
 10
475.5
 20
584.0
 30
0.0
 11
475.5
 21
589.0
 31
0.0
  0
LINE
  5
B0
330
1F
100
AcDbEntity
  8
0
  6
Continuous
 62
     7
370
    35
100
AcDbLine
 10
475.5
 20
10.0
 30
0.0
 11
475.5
 21
5.0
 31
0.0
  0
LINE
  5
B1
330
1F
100
AcDbEntity
  8
0
  6
Continuous
 62
     7
370
    35
100
AcDbLine
 10
525.5
 20
584.0
 30
0.0
 11
525.5
 21
589.0
 31
0.0
  0
LINE
  5
B2
330
1F
100
AcDbEntity
  8
0
  6
Continuous
 62
     7
370
    35
100
AcDbLine
 10
525.5
 20
10.0
 30
0.0
 11
525.5
 21
5.0
 31
0.0
  0
LINE
  5
B3
330
1F
100
AcDbEntity
  8
0
  6
Continuous
 62
     7
370
    35
100
AcDbLine
 10
575.5
 20
584.0
 30
0.0
 11
575.5
 21
589.0
 31
0.0
  0
LINE
  5
B4
330
1F
100
AcDbEntity
  8
0
  6
Continuous
 62
     7
370
    35
100
AcDbLine
 10
575.5
 20
10.0
 30
0.0
 11
575.5
 21
5.0
 31
0.0
  0
LINE
  5
B5
330
1F
100
AcDbEntity
  8
0
  6
Continuous
 62
     7
370
    35
100
AcDbLine
 10
625.5
 20
584.0
 30
0.0
 11
625.5
 21
589.0
 31
0.0
  0
LINE
  5
B6
330
1F
100
AcDbEntity
  8
0
  6
Continuous
 62
     7
370
    35
100
AcDbLine
 10
625.5
 20
10.0
 30
0.0
 11
625.5
 21
5.0
 31
0.0
  0
LINE
  5
B7
330
1F
100
AcDbEntity
  8
0
  6
Continuous
 62
     7
370
    35
100
AcDbLine
 10
675.5
 20
584.0
 30
0.0
 11
675.5
 21
589.0
 31
0.0
  0
LINE
  5
B8
330
1F
100
AcDbEntity
  8
0
  6
Continuous
 62
     7
370
    35
100
AcDbLine
 10
675.5
 20
10.0
 30
0.0
 11
675.5
 21
5.0
 31
0.0
  0
LINE
  5
B9
330
1F
100
AcDbEntity
  8
0
  6
Continuous
 62
     7
370
    35
100
AcDbLine
 10
725.5
 20
584.0
 30
0.0
 11
725.5
 21
589.0
 31
0.0
  0
LINE
  5
BA
330
1F
100
AcDbEntity
  8
0
  6
Continuous
 62
     7
370
    35
100
AcDbLine
 10
725.5
 20
10.0
 30
0.0
 11
725.5
 21
5.0
 31
0.0
  0
LINE
  5
BB
330
1F
100
AcDbEntity
  8
0
  6
Continuous
 62
     7
370
    35
100
AcDbLine
 10
775.5
 20
584.0
 30
0.0
 11
775.5
 21
589.0
 31
0.0
  0
LINE
  5
BC
330
1F
100
AcDbEntity
  8
0
  6
Continuous
 62
     7
370
    35
100
AcDbLine
 10
775.5
 20
10.0
 30
0.0
 11
775.5
 21
5.0
 31
0.0
  0
MTEXT
  5
BE
330
1F
100
AcDbEntity
  8
0
  6
Continuous
 62
     7
370
     0
100
AcDbMText
 10
17.3396881428
 20
30.4564395094
 30
0.0
 40
3.96875
 41
0.0
 71
     2
 72
     1
  1
A
  7
SLDTEXTSTYLE0
 73
     1
 44
1.0
  0
MTEXT
  5
BF
330
1F
100
AcDbEntity
  8
0
  6
Continuous
 62
     7
370
     0
100
AcDbMText
 10
833.3396881428
 20
30.4564395094
 30
0.0
 40
3.96875
 41
0.0
 71
     2
 72
     1
  1
A
  7
SLDTEXTSTYLE0
 73
     1
 44
1.0
  0
MTEXT
  5
C0
330
1F
100
AcDbEntity
  8
0
  6
Continuous
 62
     7
370
     0
100
AcDbMText
 10
17.4706018241
 20
73.9564395094
 30
0.0
 40
3.96875
 41
0.0
 71
     2
 72
     1
  1
B
  7
SLDTEXTSTYLE0
 73
     1
 44
1.0
  0
MTEXT
  5
C1
330
1F
100
AcDbEntity
  8
0
  6
Continuous
 62
     7
370
     0
100
AcDbMText
 10
833.4706018241
 20
73.9564395094
 30
0.0
 40
3.96875
 41
0.0
 71
     2
 72
     1
  1
B
  7
SLDTEXTSTYLE0
 73
     1
 44
1.0
  0
MTEXT
  5
C2
330
1F
100
AcDbEntity
  8
0
  6
Continuous
 62
     7
370
     0
100
AcDbMText
 10
17.458658902
 20
123.9564395094
 30
0.0
 40
3.96875
 41
0.0
 71
     2
 72
     1
  1
C
  7
SLDTEXTSTYLE0
 73
     1
 44
1.0
  0
MTEXT
  5
C3
330
1F
100
AcDbEntity
  8
0
  6
Continuous
 62
     7
370
     0
100
AcDbMText
 10
833.458658902
 20
123.9564395094
 30
0.0
 40
3.96875
 41
0.0
 71
     2
 72
     1
  1
C
  7
SLDTEXTSTYLE0
 73
     1
 44
1.0
  0
MTEXT
  5
C4
330
1F
100
AcDbEntity
  8
0
  6
Continuous
 62
     7
370
     0
100
AcDbMText
 10
17.4526872821
 20
173.9564395094
 30
0.0
 40
3.96875
 41
0.0
 71
     2
 72
     1
  1
D
  7
SLDTEXTSTYLE0
 73
     1
 44
1.0
  0
MTEXT
  5
C5
330
1F
100
AcDbEntity
  8
0
  6
Continuous
 62
     7
370
     0
100
AcDbMText
 10
833.4526872821
 20
173.9564395094
 30
0.0
 40
3.96875
 41
0.0
 71
     2
 72
     1
  1
D
  7
SLDTEXTSTYLE0
 73
     1
 44
1.0
  0
MTEXT
  5
C6
330
1F
100
AcDbEntity
  8
0
  6
Continuous
 62
     7
370
     0
100
AcDbMText
 10
17.5078089051
 20
223.9564395094
 30
0.0
 40
3.96875
 41
0.0
 71
     2
 72
     1
  1
E
  7
SLDTEXTSTYLE0
 73
     1
 44
1.0
  0
MTEXT
  5
C7
330
1F
100
AcDbEntity
  8
0
  6
Continuous
 62
     7
370
     0
100
AcDbMText
 10
833.5078089051
 20
223.9564395094
 30
0.0
 40
3.96875
 41
0.0
 71
     2
 72
     1
  1
E
  7
SLDTEXTSTYLE0
 73
     1
 44
1.0
  0
MTEXT
  5
C8
330
1F
100
AcDbEntity
  8
0
  6
Continuous
 62
     7
370
     0
100
AcDbMText
 10
17.4577402091
 20
273.9564395094
 30
0.0
 40
3.96875
 41
0.0
 71
     2
 72
     1
  1
F
  7
SLDTEXTSTYLE0
 73
     1
 44
1.0
  0
MTEXT
  5
C9
330
1F
100
AcDbEntity
  8
0
  6
Continuous
 62
     7
370
     0
100
AcDbMText
 10
833.4577402091
 20
273.9564395094
 30
0.0
 40
3.96875
 41
0.0
 71
     2
 72
     1
  1
F
  7
SLDTEXTSTYLE0
 73
     1
 44
1.0
  0
MTEXT
  5
CA
330
1F
100
AcDbEntity
  8
0
  6
Continuous
 62
     7
370
     0
100
AcDbMText
 10
17.4866788853
 20
323.9564395094
 30
0.0
 40
3.96875
 41
0.0
 71
     2
 72
     1
  1
G
  7
SLDTEXTSTYLE0
 73
     1
 44
1.0
  0
MTEXT
  5
CB
330
1F
100
AcDbEntity
  8
0
  6
Continuous
 62
     7
370
     0
100
AcDbMText
 10
833.4866788853
 20
323.9564395094
 30
0.0
 40
3.96875
 41
0.0
 71
     2
 72
     1
  1
G
  7
SLDTEXTSTYLE0
 73
     1
 44
1.0
  0
MTEXT
  5
CC
330
1F
100
AcDbEntity
  8
0
  6
Continuous
 62
     7
370
     0
100
AcDbMText
 10
17.4903537836
 20
373.9564395094
 30
0.0
 40
3.96875
 41
0.0
 71
     2
 72
     1
  1
H
  7
SLDTEXTSTYLE0
 73
     1
 44
1.0
  0
MTEXT
  5
CD
330
1F
100
AcDbEntity
  8
0
  6
Continuous
 62
     7
370
     0
100
AcDbMText
 10
833.4903537836
 20
373.9564395094
 30
0.0
 40
3.96875
 41
0.0
 71
     2
 72
     1
  1
H
  7
SLDTEXTSTYLE0
 73
     1
 44
1.0
  0
MTEXT
  5
CE
330
1F
100
AcDbEntity
  8
0
  6
Continuous
 62
     7
370
     0
100
AcDbMText
 10
17.4650897412
 20
423.9564395094
 30
0.0
 40
3.96875
 41
0.0
 71
     2
 72
     1
  1
J
  7
SLDTEXTSTYLE0
 73
     1
 44
1.0
  0
MTEXT
  5
CF
330
1F
100
AcDbEntity
  8
0
  6
Continuous
 62
     7
370
     0
100
AcDbMText
 10
833.4650897412
 20
423.9564395094
 30
0.0
 40
3.96875
 41
0.0
 71
     2
 72
     1
  1
J
  7
SLDTEXTSTYLE0
 73
     1
 44
1.0
  0
MTEXT
  5
D0
330
1F
100
AcDbEntity
  8
0
  6
Continuous
 62
     7
370
     0
100
AcDbMText
 10
17.4885163503
 20
473.9564395094
 30
0.0
 40
3.96875
 41
0.0
 71
     2
 72
     1
  1
K
  7
SLDTEXTSTYLE0
 73
     1
 44
1.0
  0
MTEXT
  5
D1
330
1F
100
AcDbEntity
  8
0
  6
Continuous
 62
     7
370
     0
100
AcDbMText
 10
833.4885163503
 20
473.9564395094
 30
0.0
 40
3.96875
 41
0.0
 71
     2
 72
     1
  1
K
  7
SLDTEXTSTYLE0
 73
     1
 44
1.0
  0
MTEXT
  5
D2
330
1F
100
AcDbEntity
  8
0
  6
Continuous
 62
     7
370
     0
100
AcDbMText
 10
17.4545247471
 20
523.9564395094
 30
0.0
 40
3.96875
 41
0.0
 71
     2
 72
     1
  1
L
  7
SLDTEXTSTYLE0
 73
     1
 44
1.0
  0
MTEXT
  5
D3
330
1F
100
AcDbEntity
  8
0
  6
Continuous
 62
     7
370
     0
100
AcDbMText
 10
833.4545247471
 20
523.9564395094
 30
0.0
 40
3.96875
 41
0.0
 71
     2
 72
     1
  1
L
  7
SLDTEXTSTYLE0
 73
     1
 44
1.0
  0
MTEXT
  5
D4
330
1F
100
AcDbEntity
  8
0
  6
Continuous
 62
     7
370
     0
100
AcDbMText
 10
17.3617368396
 20
567.4564395094
 30
0.0
 40
3.96875
 41
0.0
 71
     2
 72
     1
  1
M
  7
SLDTEXTSTYLE0
 73
     1
 44
1.0
  0
MTEXT
  5
D5
330
1F
100
AcDbEntity
  8
0
  6
Continuous
 62
     7
370
     0
100
AcDbMText
 10
833.3617368396
 20
567.4564395094
 30
0.0
 40
3.96875
 41
0.0
 71
     2
 72
     1
  1
M
  7
SLDTEXTSTYLE0
 73
     1
 44
1.0
  0
MTEXT
  5
D6
330
1F
100
AcDbEntity
  8
0
  6
Continuous
 62
     7
370
     0
100
AcDbMText
 10
47.6700738929
 20
9.4564395094
 30
0.0
 40
3.96875
 41
0.0
 71
     2
 72
     1
  1
16
  7
SLDTEXTSTYLE0
 73
     1
 44
1.0
  0
MTEXT
  5
D7
330
1F
100
AcDbEntity
  8
0
  6
Continuous
 62
     7
370
     0
100
AcDbMText
 10
47.6700738929
 20
588.5133871176
 30
0.0
 40
3.96875
 41
0.0
 71
     2
 72
     1
  1
16
  7
SLDTEXTSTYLE0
 73
     1
 44
1.0
  0
MTEXT
  5
D8
330
1F
100
AcDbEntity
  8
0
  6
Continuous
 62
     7
370
     0
100
AcDbMText
 10
100.4200738929
 20
9.4564395094
 30
0.0
 40
3.96875
 41
0.0
 71
     2
 72
     1
  1
15
  7
SLDTEXTSTYLE0
 73
     1
 44
1.0
  0
MTEXT
  5
D9
330
1F
100
AcDbEntity
  8
0
  6
Continuous
 62
     7
370
     0
100
AcDbMText
 10
100.4200738929
 20
588.5133871176
 30
0.0
 40
3.96875
 41
0.0
 71
     2
 72
     1
  1
15
  7
SLDTEXTSTYLE0
 73
     1
 44
1.0
  0
MTEXT
  5
DA
330
1F
100
AcDbEntity
  8
0
  6
Continuous
 62
     7
370
     0
100
AcDbMText
 10
150.4200738929
 20
9.4564395094
 30
0.0
 40
3.96875
 41
0.0
 71
     2
 72
     1
  1
14
  7
SLDTEXTSTYLE0
 73
     1
 44
1.0
  0
MTEXT
  5
DB
330
1F
100
AcDbEntity
  8
0
  6
Continuous
 62
     7
370
     0
100
AcDbMText
 10
150.4200738929
 20
588.5133871176
 30
0.0
 40
3.96875
 41
0.0
 71
     2
 72
     1
  1
14
  7
SLDTEXTSTYLE0
 73
     1
 44
1.0
  0
MTEXT
  5
DC
330
1F
100
AcDbEntity
  8
0
  6
Continuous
 62
     7
370
     0
100
AcDbMText
 10
200.4200738929
 20
9.4564395094
 30
0.0
 40
3.96875
 41
0.0
 71
     2
 72
     1
  1
13
  7
SLDTEXTSTYLE0
 73
     1
 44
1.0
  0
MTEXT
  5
DD
330
1F
100
AcDbEntity
  8
0
  6
Continuous
 62
     7
370
     0
100
AcDbMText
 10
200.4200738929
 20
588.5133871176
 30
0.0
 40
3.96875
 41
0.0
 71
     2
 72
     1
  1
13
  7
SLDTEXTSTYLE0
 73
     1
 44
1.0
  0
MTEXT
  5
DE
330
1F
100
AcDbEntity
  8
0
  6
Continuous
 62
     7
370
     0
100
AcDbMText
 10
250.4200738929
 20
9.4564395094
 30
0.0
 40
3.96875
 41
0.0
 71
     2
 72
     1
  1
12
  7
SLDTEXTSTYLE0
 73
     1
 44
1.0
  0
MTEXT
  5
DF
330
1F
100
AcDbEntity
  8
0
  6
Continuous
 62
     7
370
     0
100
AcDbMText
 10
250.4200738929
 20
588.5133871176
 30
0.0
 40
3.96875
 41
0.0
 71
     2
 72
     1
  1
12
  7
SLDTEXTSTYLE0
 73
     1
 44
1.0
  0
MTEXT
  5
E0
330
1F
100
AcDbEntity
  8
0
  6
Continuous
 62
     7
370
     0
100
AcDbMText
 10
300.4200738929
 20
9.4564395094
 30
0.0
 40
3.96875
 41
0.0
 71
     2
 72
     1
  1
11
  7
SLDTEXTSTYLE0
 73
     1
 44
1.0
  0
MTEXT
  5
E1
330
1F
100
AcDbEntity
  8
0
  6
Continuous
 62
     7
370
     0
100
AcDbMText
 10
300.4200738929
 20
588.5133871176
 30
0.0
 40
3.96875
 41
0.0
 71
     2
 72
     1
  1
11
  7
SLDTEXTSTYLE0
 73
     1
 44
1.0
  0
MTEXT
  5
E2
330
1F
100
AcDbEntity
  8
0
  6
Continuous
 62
     7
370
     0
100
AcDbMText
 10
350.4200738929
 20
9.4564395094
 30
0.0
 40
3.96875
 41
0.0
 71
     2
 72
     1
  1
10
  7
SLDTEXTSTYLE0
 73
     1
 44
1.0
  0
MTEXT
  5
E3
330
1F
100
AcDbEntity
  8
0
  6
Continuous
 62
     7
370
     0
100
AcDbMText
 10
350.4200738929
 20
588.5133871176
 30
0.0
 40
3.96875
 41
0.0
 71
     2
 72
     1
  1
10
  7
SLDTEXTSTYLE0
 73
     1
 44
1.0
  0
MTEXT
  5
E4
330
1F
100
AcDbEntity
  8
0
  6
Continuous
 62
     7
370
     0
100
AcDbMText
 10
400.4600369465
 20
9.4564395094
 30
0.0
 40
3.96875
 41
0.0
 71
     2
 72
     1
  1
9
  7
SLDTEXTSTYLE0
 73
     1
 44
1.0
  0
MTEXT
  5
E5
330
1F
100
AcDbEntity
  8
0
  6
Continuous
 62
     7
370
     0
100
AcDbMText
 10
400.4600369465
 20
588.5133871176
 30
0.0
 40
3.96875
 41
0.0
 71
     2
 72
     1
  1
9
  7
SLDTEXTSTYLE0
 73
     1
 44
1.0
  0
MTEXT
  5
E6
330
1F
100
AcDbEntity
  8
0
  6
Continuous
 62
     7
370
     0
100
AcDbMText
 10
450.4600369465
 20
9.4564395094
 30
0.0
 40
3.96875
 41
0.0
 71
     2
 72
     1
  1
8
  7
SLDTEXTSTYLE0
 73
     1
 44
1.0
  0
MTEXT
  5
E7
330
1F
100
AcDbEntity
  8
0
  6
Continuous
 62
     7
370
     0
100
AcDbMText
 10
450.4600369465
 20
588.5133871176
 30
0.0
 40
3.96875
 41
0.0
 71
     2
 72
     1
  1
8
  7
SLDTEXTSTYLE0
 73
     1
 44
1.0
  0
MTEXT
  5
E8
330
1F
100
AcDbEntity
  8
0
  6
Continuous
 62
     7
370
     0
100
AcDbMText
 10
500.4600369465
 20
9.4564395094
 30
0.0
 40
3.96875
 41
0.0
 71
     2
 72
     1
  1
7
  7
SLDTEXTSTYLE0
 73
     1
 44
1.0
  0
MTEXT
  5
E9
330
1F
100
AcDbEntity
  8
0
  6
Continuous
 62
     7
370
     0
100
AcDbMText
 10
500.4600369465
 20
588.5133871176
 30
0.0
 40
3.96875
 41
0.0
 71
     2
 72
     1
  1
7
  7
SLDTEXTSTYLE0
 73
     1
 44
1.0
  0
MTEXT
  5
EA
330
1F
100
AcDbEntity
  8
0
  6
Continuous
 62
     7
370
     0
100
AcDbMText
 10
550.4600369465
 20
9.4564395094
 30
0.0
 40
3.96875
 41
0.0
 71
     2
 72
     1
  1
6
  7
SLDTEXTSTYLE0
 73
     1
 44
1.0
  0
MTEXT
  5
EB
330
1F
100
AcDbEntity
  8
0
  6
Continuous
 62
     7
370
     0
100
AcDbMText
 10
550.4600369465
 20
588.5133871176
 30
0.0
 40
3.96875
 41
0.0
 71
     2
 72
     1
  1
6
  7
SLDTEXTSTYLE0
 73
     1
 44
1.0
  0
MTEXT
  5
EC
330
1F
100
AcDbEntity
  8
0
  6
Continuous
 62
     7
370
     0
100
AcDbMText
 10
600.4600369465
 20
9.4564395094
 30
0.0
 40
3.96875
 41
0.0
 71
     2
 72
     1
  1
5
  7
SLDTEXTSTYLE0
 73
     1
 44
1.0
  0
MTEXT
  5
ED
330
1F
100
AcDbEntity
  8
0
  6
Continuous
 62
     7
370
     0
100
AcDbMText
 10
600.4600369465
 20
588.5133871176
 30
0.0
 40
3.96875
 41
0.0
 71
     2
 72
     1
  1
5
  7
SLDTEXTSTYLE0
 73
     1
 44
1.0
  0
MTEXT
  5
EE
330
1F
100
AcDbEntity
  8
0
  6
Continuous
 62
     7
370
     0
100
AcDbMText
 10
650.4600369465
 20
9.4564395094
 30
0.0
 40
3.96875
 41
0.0
 71
     2
 72
     1
  1
4
  7
SLDTEXTSTYLE0
 73
     1
 44
1.0
  0
MTEXT
  5
EF
330
1F
100
AcDbEntity
  8
0
  6
Continuous
 62
     7
370
     0
100
AcDbMText
 10
650.4600369465
 20
588.5133871176
 30
0.0
 40
3.96875
 41
0.0
 71
     2
 72
     1
  1
4
  7
SLDTEXTSTYLE0
 73
     1
 44
1.0
  0
MTEXT
  5
F0
330
1F
100
AcDbEntity
  8
0
  6
Continuous
 62
     7
370
     0
100
AcDbMText
 10
700.4600369465
 20
9.4564395094
 30
0.0
 40
3.96875
 41
0.0
 71
     2
 72
     1
  1
3
  7
SLDTEXTSTYLE0
 73
     1
 44
1.0
  0
MTEXT
  5
F1
330
1F
100
AcDbEntity
  8
0
  6
Continuous
 62
     7
370
     0
100
AcDbMText
 10
700.4600369465
 20
588.5133871176
 30
0.0
 40
3.96875
 41
0.0
 71
     2
 72
     1
  1
3
  7
SLDTEXTSTYLE0
 73
     1
 44
1.0
  0
MTEXT
  5
F2
330
1F
100
AcDbEntity
  8
0
  6
Continuous
 62
     7
370
     0
100
AcDbMText
 10
750.4600369465
 20
9.4564395094
 30
0.0
 40
3.96875
 41
0.0
 71
     2
 72
     1
  1
2
  7
SLDTEXTSTYLE0
 73
     1
 44
1.0
  0
MTEXT
  5
F3
330
1F
100
AcDbEntity
  8
0
  6
Continuous
 62
     7
370
     0
100
AcDbMText
 10
750.4600369465
 20
588.5133871176
 30
0.0
 40
3.96875
 41
0.0
 71
     2
 72
     1
  1
2
  7
SLDTEXTSTYLE0
 73
     1
 44
1.0
  0
MTEXT
  5
F4
330
1F
100
AcDbEntity
  8
0
  6
Continuous
 62
     7
370
     0
100
AcDbMText
 10
803.2100369465
 20
9.4564395094
 30
0.0
 40
3.96875
 41
0.0
 71
     2
 72
     1
  1
1
  7
SLDTEXTSTYLE0
 73
     1
 44
1.0
  0
MTEXT
  5
F5
330
1F
100
AcDbEntity
  8
0
  6
Continuous
 62
     7
370
     0
100
AcDbMText
 10
803.2100369465
 20
588.5133871176
 30
0.0
 40
3.96875
 41
0.0
 71
     2
 72
     1
  1
1
  7
SLDTEXTSTYLE0
 73
     1
 44
1.0
  0
MTEXT
  5
F7
330
1F
100
AcDbEntity
  8
0
  6
Continuous
 62
     7
370
     0
100
AcDbMText
 10
651.6433628979
 20
42.3847813173
 30
0.0
 40
1.5
 41
0.0
 71
     1
 72
     1
  1
DRAWN
  7
SLDTEXTSTYLE1
 73
     1
 44
1.0
  0
MTEXT
  5
F8
330
1F
100
AcDbEntity
  8
0
  6
Continuous
 62
     7
370
     0
100
AcDbMText
 10
651.9392221937
 20
38.1618530186
 30
0.0
 40
1.5
 41
0.0
 71
     1
 72
     1
  1
CHK'D
  7
SLDTEXTSTYLE0
 73
     1
 44
1.0
  0
MTEXT
  5
F9
330
1F
100
AcDbEntity
  8
0
  6
Continuous
 62
     7
370
     0
100
AcDbMText
 10
651.4017224083
 20
34.0658666243
 30
0.0
 40
1.5
 41
0.0
 71
     1
 72
     1
  1
APPV'D
  7
SLDTEXTSTYLE0
 73
     1
 44
1.0
  0
MTEXT
  5
FA
330
1F
100
AcDbEntity
  8
0
  6
Continuous
 62
     7
370
     0
100
AcDbMText
 10
652.1240107386
 20
29.7157844608
 30
0.0
 40
1.5
 41
0.0
 71
     1
 72
     1
  1
MFG
  7
SLDTEXTSTYLE0
 73
     1
 44
1.0
  0
MTEXT
  5
FB
330
1F
100
AcDbEntity
  8
0
  6
Continuous
 62
     7
370
     0
100
AcDbMText
 10
652.509036604
 20
25.504662132
 30
0.0
 40
1.5
 41
0.0
 71
     1
 72
     1
  1
Q.A
  7
SLDTEXTSTYLE0
 73
     1
 44
1.0
  0
INSERT
  5
105
330
1F
100
AcDbEntity
  8
0
  6
Continuous
 62
     7
370
     0
100
AcDbBlockReference
  2
SW_NOTE_0
 10
651.5936687456
 20
61.9873698743
 30
0.0
  0
MTEXT
  5
106
330
1F
100
AcDbEntity
  8
0
  6
Continuous
 62
     7
370
     0
100
AcDbMText
 10
685.3712921668
 20
63.9192719951
 30
0.0
 40
1.5
 41
0.0
 71
     1
 72
     1
  1
FINISH:
  7
SLDTEXTSTYLE0
 73
     1
 44
1.0
  0
INSERT
  5
10D
330
1F
100
AcDbEntity
  8
0
  6
Continuous
 62
     7
370
     0
100
AcDbBlockReference
  2
SW_NOTE_0_1
 10
732.3092156863
 20
62.069489643
 30
0.0
  0
MTEXT
  5
10E
330
1F
100
AcDbEntity
  8
0
  6
Continuous
 62
     7
370
     0
100
AcDbMText
 10
665.3222392177
 20
46.5014826335
 30
0.0
 40
1.5
 41
0.0
 71
     1
 72
     1
  1
NAME
  7
SLDTEXTSTYLE0
 73
     1
 44
1.0
  0
MTEXT
  5
10F
330
1F
100
AcDbEntity
  8
0
  6
Continuous
 62
     7
370
     0
100
AcDbMText
 10
681.0335875632
 20
46.5617563795
 30
0.0
 40
1.5
 41
0.0
 71
     1
 72
     1
  1
SIGNATURE
  7
SLDTEXTSTYLE0
 73
     1
 44
1.0
  0
MTEXT
  5
110
330
1F
100
AcDbEntity
  8
0
  6
Continuous
 62
     7
370
     0
100
AcDbMText
 10
698.2147019657
 20
46.5761792212
 30
0.0
 40
1.5
 41
0.0
 71
     1
 72
     1
  1
DATE
  7
SLDTEXTSTYLE0
 73
     1
 44
1.0
  0
MTEXT
  5
111
330
1F
100
AcDbEntity
  8
0
  6
Continuous
 62
     7
370
     0
100
AcDbMText
 10
706.6458623088
 20
25.9860562892
 30
0.0
 40
1.5
 41
0.0
 71
     1
 72
     1
  1
MATERIAL:
  7
SLDTEXTSTYLE0
 73
     1
 44
1.0
  0
MTEXT
  5
112
330
1F
100
AcDbEntity
  8
0
  6
Continuous
 62
     7
370
     0
100
AcDbMText
 10
763.6146405229
 20
62.5329935751
 30
0.0
 40
1.5
 41
0.0
 71
     1
 72
     1
  1
DO NOT SCALE DRAWING
  7
SLDTEXTSTYLE0
 73
     1
 44
1.0
  0
MTEXT
  5
113
330
1F
100
AcDbEntity
  8
0
  6
Continuous
 62
     7
370
     0
100
AcDbMText
 10
804.3275816993
 20
62.3349086805
 30
0.0
 40
1.5
 41
0.0
 71
     1
 72
     1
  1
REVISION
  7
SLDTEXTSTYLE0
 73
     1
 44
1.0
  0
MTEXT
  5
114
330
1F
100
AcDbEntity
  8
0
  6
Continuous
 62
     7
370
     0
100
AcDbMText
 10
751.090160639
 20
46.5761792212
 30
0.0
 40
1.5
 41
0.0
 71
     1
 72
     1
  1
TITLE:
  7
SLDTEXTSTYLE0
 73
     1
 44
1.0
  0
MTEXT
  5
115
330
1F
100
AcDbEntity
  8
0
  6
Continuous
 62
     7
370
     0
100
AcDbMText
 10
750.9530022162
 20
25.9860562892
 30
0.0
 40
1.5
 41
0.0
 71
     1
 72
     1
  1
DWG NO.
  7
SLDTEXTSTYLE0
 73
     1
 44
1.0
  0
MTEXT
  5
116
330
1F
100
AcDbEntity
  8
0
  6
Continuous
 62
     7
370
     0
100
AcDbMText
 10
751.0739661175
 20
12.9000872745
 30
0.0
 40
1.5
 41
0.0
 71
     1
 72
     1
  1
SCALE:2:1
  7
SLDTEXTSTYLE0
 73
     1
 44
1.0
  0
MTEXT
  5
118
330
1F
100
AcDbEntity
  8
0
  6
Continuous
 62
     7
370
     0
100
AcDbMText
 10
795.4782944278
 20
12.9000872745
 30
0.0
 40
1.5
 41
0.0
 71
     1
 72
     1
  1
SHEET 1 OF 1
  7
SLDTEXTSTYLE2
 73
     1
 44
1.0
  0
MTEXT
  5
119
330
1F
100
AcDbEntity
  8
0
  6
Continuous
 62
     7
370
     0
100
AcDbMText
 10
821.8711564346
 20
24.406388569
 30
0.0
 40
2.9104166667
 41
0.0
 71
     1
 72
     1
  1
A1
  7
SLDTEXTSTYLE0
 73
     1
 44
1.0
  0
MTEXT
  5
11A
330
1F
100
AcDbEntity
  8
0
  6
Continuous
 62
     7
370
     0
100
AcDbMText
 10
706.6178111281
 20
12.9493119036
 30
0.0
 40
1.4986
 41
0.0
 71
     1
 72
     1
  1
WEIGHT:
  7
SLDTEXTSTYLE0
 73
     1
 44
1.0
  0
MTEXT
  5
11B
330
1F
100
AcDbEntity
  8
0
  6
Continuous
 62
     7
370
     0
100
AcDbMText
 10
785.8234532162
 20
23.6069109673
 30
0.0
 40
6.35
 41
0.0
 71
     2
 72
     1
  1
TASL COINS V1
  7
SLDTEXTSTYLE0
 73
     1
 44
1.0
  0
LINE
  5
11C
330
1F
100
AcDbEntity
  8
0
  6
Continuous
 62
     7
370
    25
100
AcDbLine
 10
131.1494551632
 20
499.4004238895
 30
0.0
 11
131.1494551632
 21
495.7374544151
 31
0.0
  0
LINE
  5
11D
330
1F
100
AcDbEntity
  8
0
  6
Continuous
 62
     7
370
    25
100
AcDbLine
 10
124.377403182
 20
507.3638553859
 30
0.0
 11
131.1494551632
 21
499.4004238895
 31
0.0
  0
LINE
  5
11E
330
1F
100
AcDbEntity
  8
0
  6
Continuous
 62
     7
370
    25
100
AcDbLine
 10
122.4440241441
 20
505.9582365719
 30
0.0
 11
124.377403182
 21
507.3638553859
 31
0.0
  0
SPLINE
  5
11F
330
1F
100
AcDbEntity
  8
0
  6
Continuous
 62
     7
370
    25
100
AcDbSpline
210
0.0
220
0.0
230
1.0
 70
     8
 71
     3
 72
    15
 73
    11
 74
     0
 42
0.00000001
 43
0.00000001
 40
0.0
 40
0.0
 40
0.0
 40
0.0
 40
0.1669347668045513
 40
0.3139671408470986
 40
0.4468599219443237
 40
0.5748142663709065
 40
0.6937863821161173
 40
0.806963457671462
 40
0.9095226153736852
 40
1.0
 40
1.0
 40
1.0
 40
1.0
 10
122.2820383328587
 20
503.8994491640092
 30
0.0
 10
122.2085269298026
 20
504.0043125953061
 30
0.0
 10
122.0702683424575
 20
504.2015373695932
 30
0.0
 10
121.9577959460415
 20
504.5294723328229
 30
0.0
 10
121.9305546335183
 20
504.8410440779373
 30
0.0
 10
121.944123416213
 20
505.1335419312094
 30
0.0
 10
122.0309720539568
 20
505.396723481782
 30
0.0
 10
122.1340786128339
 20
505.6312740740349
 30
0.0
 10
122.2739462651871
 20
505.8229075422221
 30
0.0
 10
122.3897474395129
 20
505.9150492166739
 30
0.0
 10
122.4440241441372
 20
505.9582365718705
 30
0.0
  0
LINE
  5
120
330
1F
100
AcDbEntity
  8
0
  6
Continuous
 62
     7
370
    25
100
AcDbLine
 10
125.4276982809
 20
500.1424234121
 30
0.0
 11
122.2820383329
 21
503.899449164
 31
0.0
  0
SPLINE
  5
121
330
1F
100
AcDbEntity
  8
0
  6
Continuous
 62
     7
370
    25
100
AcDbSpline
210
0.0
220
0.0
230
1.0
 70
     8
 71
     3
 72
     9
 73
     5
 74
     0
 42
0.00000001
 43
0.00000001
 40
0.0
 40
0.0
 40
0.0
 40
0.0
 40
0.494229455023912
 40
1.0
 40
1.0
 40
1.0
 40
1.0
 10
123.5674741255844
 20
500.1946768996089
 30
0.0
 10
123.874074141213
 20
500.191104479915
 30
0.0
 10
124.4944337990845
 20
500.183876218512
 30
0.0
 10
125.1142257620368
 20
500.1563469202729
 30
0.0
 10
125.4276982809109
 20
500.1424234120997
 30
0.0
  0
LINE
  5
122
330
1F
100
AcDbEntity
  8
0
  6
Continuous
 62
     7
370
    25
100
AcDbLine
 10
108.3408078654
 20
500.1946768996
 30
0.0
 11
123.5674741256
 21
500.1946768996
 31
0.0
  0
LINE
  5
123
330
1F
100
AcDbEntity
  8
0
  6
Continuous
 62
     7
370
    25
100
AcDbLine
 10
108.3408078654
 20
505.4879551843
 30
0.0
 11
108.3408078654
 21
500.1946768996
 31
0.0
  0
LINE
  5
124
330
1F
100
AcDbEntity
  8
0
  6
Continuous
 62
     7
370
    25
100
AcDbLine
 10
105.0018100136
 20
505.4879551843
 30
0.0
 11
108.3408078654
 21
505.4879551843
 31
0.0
  0
LINE
  5
125
330
1F
100
AcDbEntity
  8
0
  6
Continuous
 62
     7
370
    25
100
AcDbLine
 10
105.0018100136
 20
491.039865888
 30
0.0
 11
105.0018100136
 21
505.4879551843
 31
0.0
  0
LINE
  5
126
330
1F
100
AcDbEntity
  8
0
  6
Continuous
 62
     7
370
    25
100
AcDbLine
 10
108.3408078654
 20
491.039865888
 30
0.0
 11
105.0018100136
 21
491.039865888
 31
0.0
  0
LINE
  5
127
330
1F
100
AcDbEntity
  8
0
  6
Continuous
 62
     7
370
    25
100
AcDbLine
 10
108.3408078654
 20
495.7374544151
 30
0.0
 11
108.3408078654
 21
491.039865888
 31
0.0
  0
LINE
  5
128
330
1F
100
AcDbEntity
  8
0
  6
Continuous
 62
     7
370
    25
100
AcDbLine
 10
131.1494551632
 20
495.7374544151
 30
0.0
 11
108.3408078654
 21
495.7374544151
 31
0.0
  0
SPLINE
  5
129
330
1F
100
AcDbEntity
  8
0
  6
Continuous
 62
     7
370
    25
100
AcDbSpline
210
0.0
220
0.0
230
1.0
 70
     8
 71
     3
 72
    23
 73
    19
 74
     0
 42
0.00000001
 43
0.00000001
 40
0.0
 40
0.0
 40
0.0
 40
0.0
 40
0.0543945265624809
 40
0.1073310691625687
 40
0.1592168699612818
 40
0.2111774380878111
 40
0.2629528179752271
 40
0.3150817963202119
 40
0.3685599187170128
 40
0.4237063628447399
 40
0.481466680829705
 40
0.5422289395991399
 40
0.6064975615016561
 40
0.6752986588162015
 40
0.7485878492995485
 40
0.82705709407584
 40
0.910560600547578
 40
1.0
 40
1.0
 40
1.0
 40
1.0
 10
104.7144158322751
 20
478.2220854020019
 30
0.0
 10
104.7251888747395
 20
478.5569857855225
 30
0.0
 10
104.7464462004101
 20
479.217809925336
 30
0.0
 10
104.8931144591957
 20
480.1898050898876
 30
0.0
 10
105.1483629412588
 20
481.1224398272489
 30
0.0
 10
105.4950945026467
 20
482.0177536184451
 30
0.0
 10
105.9524819144916
 20
482.8644264552537
 30
0.0
 10
106.5183629612651
 20
483.6536969050876
 30
0.0
 10
107.1844514552713
 20
484.3887518063052
 30
0.0
 10
107.9604043732622
 20
485.0609063980222
 30
0.0
 10
108.8421753866457
 20
485.6695958315277
 30
0.0
 10
109.8370340015717
 20
486.1999038073546
 30
0.0
 10
110.9369906675878
 20
486.6659800964017
 30
0.0
 10
112.1454977351288
 20
487.0627250262916
 30
0.0
 10
113.4685926333465
 20
487.3752309877025
 30
0.0
 10
114.9013527890158
 20
487.5947600465972
 30
0.0
 10
116.4443729075613
 20
487.7327842679013
 30
0.0
 10
117.509245510623
 20
487.7496332360629
 30
0.0
 10
118.0599565421176
 20
487.7583468724259
 30
0.0
  0
SPLINE
  5
12A
330
1F
100
AcDbEntity
  8
0
  6
Continuous
 62
     7
370
    25
100
AcDbSpline
210
0.0
220
0.0
230
1.0
 70
     8
 71
     3
 72
    23
 73
    19
 74
     0
 42
0.00000001
 43
0.00000001
 40
0.0
 40
0.0
 40
0.0
 40
0.0
 40
0.0892350651440829
 40
0.1725477985186931
 40
0.2508820308940411
 40
0.3240696798547807
 40
0.3928023342129209
 40
0.457035245673571
 40
0.5177932556700595
 40
0.5755824666077405
 40
0.6307886991754705
 40
0.6841446448222247
 40
0.7366151530738863
 40
0.7887696100467744
 40
0.840874391365975
 40
0.8929141406657047
 40
0.9457297438153458
 40
1.0
 40
1.0
 40
1.0
 40
1.0
 10
118.0599565421176
 20
468.6178943978161
 30
0.0
 10
117.5092661771031
 20
468.6267544691724
 30
0.0
 10
116.4444335354136
 20
468.6438865887575
 30
0.0
 10
114.9008622091213
 20
468.7799586437596
 30
0.0
 10
113.4683958743767
 20
469.0064400605251
 30
0.0
 10
112.1452398704091
 20
469.3237913478641
 30
0.0
 10
110.9367469266631
 20
469.7258770336552
 30
0.0
 10
109.8367546765902
 20
470.1971844624829
 30
0.0
 10
108.8419986436763
 20
470.7328884458689
 30
0.0
 10
107.9598371617327
 20
471.3464661569096
 30
0.0
 10
107.1863686857484
 20
472.0243310665082
 30
0.0
 10
106.5148698219349
 20
472.7599813897489
 30
0.0
 10
105.9526091771275
 20
473.5594770684662
 30
0.0
 10
105.4961443362456
 20
474.4148724581583
 30
0.0
 10
105.1481373629753
 20
475.3165222616703
 30
0.0
 10
104.893810185594
 20
476.2528102860496
 30
0.0
 10
104.7463308867185
 20
477.2263318319151
 30
0.0
 10
104.725150090318
 20
477.8871752489433
 30
0.0
 10
104.7144158322751
 20
478.2220854020019
 30
0.0
  0
SPLINE
  5
12B
330
1F
100
AcDbEntity
  8
0
  6
Continuous
 62
     7
370
    25
100
AcDbSpline
210
0.0
220
0.0
230
1.0
 70
     8
 71
     3
 72
    23
 73
    19
 74
     0
 42
0.00000001
 43
0.00000001
 40
0.0
 40
0.0
 40
0.0
 40
0.0
 40
0.0542824448952245
 40
0.1071099100507904
 40
0.159235570244821
 40
0.2113520539244577
 40
0.2635182244145778
 40
0.3160005171663232
 40
0.3695585526220784
 40
0.4247771841139663
 40
0.4823479115240922
 40
0.5431195673341581
 40
0.6073669050463487
 40
0.6758472047628493
 40
0.74877690815994
 40
0.8268499797277585
 40
0.9104626690008041
 40
0.9999999999999999
 40
0.9999999999999999
 40
0.9999999999999999
 40
0.9999999999999999
 10
131.4054972519602
 20
478.2220854020019
 30
0.0
 10
131.3946071671416
 20
477.8872180139214
 30
0.0
 10
131.373118893951
 20
477.2264589805822
 30
0.0
 10
131.2278196233875
 20
476.2518662837648
 30
0.0
 10
130.9649078288612
 20
475.3174543957583
 30
0.0
 10
130.6190901611357
 20
474.4146819268155
 30
0.0
 10
130.1616988631108
 20
473.5597358109305
 30
0.0
 10
129.6001254438733
 20
472.7581630384122
 30
0.0
 10
128.9229959115165
 20
472.0259205092398
 30
0.0
 10
128.1504576988424
 20
471.3479247219242
 30
0.0
 10
127.2720233230179
 20
470.731321304516
 30
0.0
 10
126.2777932990282
 20
470.1973475008796
 30
0.0
 10
125.1793680426224
 20
469.7268694632049
 30
0.0
 10
123.9748002229583
 20
469.3236007611356
 30
0.0
 10
122.6567675812395
 20
469.0065126581853
 30
0.0
 10
121.2261200250265
 20
468.7791570255528
 30
0.0
 10
119.6806757545988
 20
468.6440386110937
 30
0.0
 10
118.6123808285643
 20
468.626805687479
 30
0.0
 10
118.0599565421176
 20
468.6178943978161
 30
0.0
  0
SPLINE
  5
12C
330
1F
100
AcDbEntity
  8
0
  6
Continuous
 62
     7
370
    25
100
AcDbSpline
210
0.0
220
0.0
230
1.0
 70
     8
 71
     3
 72
    23
 73
    19
 74
     0
 42
0.00000001
 43
0.00000001
 40
0.0
 40
0.0
 40
0.0
 40
0.0
 40
0.0897424946689497
 40
0.1735467720313187
 40
0.2517542090898586
 40
0.324784711419476
 40
0.3933326127309296
 40
0.457615767196906
 40
0.5183917656631853
 40
0.5759325014461741
 40
0.6310914154102718
 40
0.6847721724501561
 40
0.7369129383154499
 40
0.7887000257667068
 40
0.8406723433322527
 40
0.8926446608977985
 40
0.9455931736264175
 40
1.0
 40
1.0
 40
1.0
 40
1.0
 10
118.0599565421176
 20
487.7583468724259
 30
0.0
 10
118.6124017799193
 20
487.7495834547308
 30
0.0
 10
119.6807372223228
 20
487.7326364904352
 30
0.0
 10
121.2256259828288
 20
487.5955501943913
 30
0.0
 10
122.6565700610335
 20
487.3751572270031
 30
0.0
 10
123.9745401633176
 20
487.0629149910615
 30
0.0
 10
125.179131770255
 20
486.6649975409993
 30
0.0
 10
126.2775150568035
 20
486.1997398869482
 30
0.0
 10
127.2718331494805
 20
485.6711580114707
 30
0.0
 10
128.1499051452867
 20
485.0594535024968
 30
0.0
 10
128.924918231522
 20
484.3871685168917
 30
0.0
 10
129.5966178983827
 20
483.6555028672294
 30
0.0
 10
130.1618298543901
 20
482.8641704096436
 30
0.0
 10
130.6201366523532
 20
482.0179436629426
 30
0.0
 10
130.9646856358285
 20
481.1215034962285
 30
0.0
 10
131.2285236913451
 20
480.1907566275383
 30
0.0
 10
131.3730003858277
 20
479.2176811805686
 30
0.0
 10
131.3945673083102
 20
478.5569424837147
 30
0.0
 10
131.4054972519602
 20
478.2220854020019
 30
0.0
  0
CIRCLE
  5
12D
330
1F
100
AcDbEntity
  8
0
  6
Continuous
 62
     7
370
    25
100
AcDbCircle
 10
116.1798633257
 20
486.7687927107
 30
0.0
 40
50.0
  0
SPLINE
  5
12E
330
1F
100
AcDbEntity
  8
0
  6
Continuous
 62
     7
370
    25
100
AcDbSpline
210
0.0
220
0.0
230
1.0
 70
     8
 71
     3
 72
    23
 73
    19
 74
     0
 42
0.00000001
 43
0.00000001
 40
0.0
 40
0.0
 40
0.0
 40
0.0
 40
0.1119689094844737
 40
0.2146128277506199
 40
0.3068809157780105
 40
0.390386723350438
 40
0.4657613167251524
 40
0.5343787195268348
 40
0.5965254842098305
 40
0.6532022726728584
 40
0.7050070232843483
 40
0.7524285904726143
 40
0.7969232860067713
 40
0.8391760226456326
 40
0.8800396530282016
 40
0.9202395394367537
 40
0.960175985354966
 40
1.0
 40
1.0
 40
1.0
 40
1.0
 10
118.0599565421176
 20
473.2214266473742
 30
0.0
 10
118.5111979760302
 20
473.2260295315784
 30
0.0
 10
119.376100568867
 20
473.2348519627286
 30
0.0
 10
120.6109633032484
 20
473.3121778035991
 30
0.0
 10
121.7262182234363
 20
473.4397180157378
 30
0.0
 10
122.7228358358305
 20
473.6213231685611
 30
0.0
 10
123.6111778608083
 20
473.8493319651372
 30
0.0
 10
124.4048316227294
 20
474.0979401432756
 30
0.0
 10
125.0988394931163
 20
474.3991839053713
 30
0.0
 10
125.7047968782664
 20
474.7261992977596
 30
0.0
 10
126.2215701765689
 20
475.0865506022969
 30
0.0
 10
126.6505506530478
 20
475.4777053924486
 30
0.0
 10
127.0024492598101
 20
475.8910237604185
 30
0.0
 10
127.2643096341866
 20
476.3362840472706
 30
0.0
 10
127.4565597954624
 20
476.7955761948341
 30
0.0
 10
127.6000490861616
 20
477.2623492582031
 30
0.0
 10
127.6865737806822
 20
477.7398708347176
 30
0.0
 10
127.696012353508
 20
478.0614983361965
 30
0.0
 10
127.7007249875599
 20
478.2220854020019
 30
0.0
  0
SPLINE
  5
12F
330
1F
100
AcDbEntity
  8
0
  6
Continuous
 62
     7
370
    25
100
AcDbSpline
210
0.0
220
0.0
230
1.0
 70
     8
 71
     3
 72
    23
 73
    19
 74
     0
 42
0.00000001
 43
0.00000001
 40
0.0
 40
0.0
 40
0.0
 40
0.0
 40
0.0398082011450964
 40
0.0797287889186522
 40
0.1199127125744059
 40
0.1607601166417159
 40
0.2029960753727202
 40
0.2474731027518374
 40
0.2951957142882289
 40
0.3466272167435966
 40
0.403281499731001
 40
0.465403586895464
 40
0.5339937427883501
 40
0.6093384060784595
 40
0.692811054786955
 40
0.7854716054408715
 40
0.8876435715918409
 40
1.0
 40
1.0
 40
1.0
 40
1.0
 10
108.4139627479245
 20
478.2220854020019
 30
0.0
 10
108.4186756947614
 20
478.0614986960539
 30
0.0
 10
108.4281148940405
 20
477.7398719153057
 30
0.0
 10
108.5146348696288
 20
477.2623449096872
 30
0.0
 10
108.6581423165698
 20
476.7955927349686
 30
0.0
 10
108.8503226672329
 20
476.3362202707019
 30
0.0
 10
109.1124579141084
 20
475.8912762230588
 30
0.0
 10
109.4640830761016
 20
475.47569185632
 30
0.0
 10
109.8977580854158
 20
475.090111316336
 30
0.0
 10
110.4101013486943
 20
474.7241389790723
 30
0.0
 10
111.0161690371873
 20
474.399609421943
 30
0.0
 10
111.7097570118079
 20
474.0978104648512
 30
0.0
 10
112.5035394803149
 20
473.8493630088245
 30
0.0
 10
113.3918469226279
 20
473.6213522588498
 30
0.0
 10
114.390156063191
 20
473.4392293855075
 30
0.0
 10
115.5055306970722
 20
473.3128414448129
 30
0.0
 10
116.7420463741051
 20
473.2344884883623
 30
0.0
 10
117.6069661643554
 20
473.2259162464585
 30
0.0
 10
118.0599565421176
 20
473.2214266473742
 30
0.0
  0
SPLINE
  5
130
330
1F
100
AcDbEntity
  8
0
  6
Continuous
 62
     7
370
    25
100
AcDbSpline
210
0.0
220
0.0
230
1.0
 70
     8
 71
     3
 72
    23
 73
    19
 74
     0
 42
0.00000001
 43
0.00000001
 40
0.0
 40
0.0
 40
0.0
 40
0.0
 40
0.1127527136035394
 40
0.2152850439823701
 40
0.3082228662161128
 40
0.3919124631444733
 40
0.4674171252704953
 40
0.536249201129282
 40
0.5984197811133835
 40
0.6550668447856857
 40
0.7064296371481329
 40
0.7540311704408337
 40
0.7983331990340354
 40
0.8403461351064699
 40
0.8809389645425112
 40
0.9208499054914996
 40
0.9604843320764853
 40
1.0
 40
1.0
 40
1.0
 40
1.0
 10
118.0599565421176
 20
483.1548146228678
 30
0.0
 10
117.6069482287533
 20
483.1504918430651
 30
0.0
 10
116.7419941930577
 20
483.1422381185187
 30
0.0
 10
115.5059090616462
 20
483.0617416606702
 30
0.0
 10
114.3902805361047
 20
482.9424929208662
 30
0.0
 10
113.3922710833479
 20
482.7644477838631
 30
0.0
 10
112.5026111928644
 20
482.5441824145336
 30
0.0
 10
111.7110593011144
 20
482.2926075230625
 30
0.0
 10
111.0163361130653
 20
481.9977916389467
 30
0.0
 10
110.4104764475198
 20
481.6780942441016
 30
0.0
 10
109.8980270964999
 20
481.3175288227636
 30
0.0
 10
109.4643662701422
 20
480.937210466813
 30
0.0
 10
109.1126655754951
 20
480.5269288685545
 30
0.0
 10
108.8504259514215
 20
480.0871770475908
 30
0.0
 10
108.6581864630279
 20
479.6329859712673
 30
0.0
 10
108.5146566045693
 20
479.1714486755824
 30
0.0
 10
108.428117529173
 20
478.699108909049
 30
0.0
 10
108.4186762863865
 20
478.3809341053673
 30
0.0
 10
108.4139627479245
 20
478.2220854020019
 30
0.0
  0
SPLINE
  5
131
330
1F
100
AcDbEntity
  8
0
  6
Continuous
 62
     7
370
    25
100
AcDbSpline
210
0.0
220
0.0
230
1.0
 70
     8
 71
     3
 72
    23
 73
    19
 74
     0
 42
0.00000001
 43
0.00000001
 40
0.0
 40
0.0
 40
0.0
 40
0.0
 40
0.0395314397404481
 40
0.0791816855422965
 40
0.1191085560728246
 40
0.1597175872513217
 40
0.2017472918708006
 40
0.2460670026523965
 40
0.2933644383693378
 40
0.3451035058051012
 40
0.4017731789172785
 40
0.4639685729323118
 40
0.5328281216128078
 40
0.6083629197778048
 40
0.6920859195833359
 40
0.7846298190174238
 40
0.8876359602879184
 40
1.0
 40
1.0
 40
1.0
 40
1.0
 10
127.7007249875599
 20
478.2220854020019
 30
0.0
 10
127.6960117543965
 20
478.3809344614247
 30
0.0
 10
127.6865711231248
 20
478.6991099782912
 30
0.0
 10
127.6000274400985
 20
479.1714443711329
 30
0.0
 10
127.4565153201691
 20
479.6330023545443
 30
0.0
 10
127.2642075621428
 20
480.0871138107668
 30
0.0
 10
127.0022371520329
 20
480.5271796050474
 30
0.0
 10
126.6502952577381
 20
480.9352012002284
 30
0.0
 10
126.2212532280486
 20
481.3210789821943
 30
0.0
 10
125.7044485115833
 20
481.6760408397101
 30
0.0
 10
125.098667811868
 20
481.9982169773771
 30
0.0
 10
124.4035304019866
 20
482.2924773585408
 30
0.0
 10
123.6121058851015
 20
482.5442139400101
 30
0.0
 10
122.7224113989172
 20
482.7644751422739
 30
0.0
 10
121.7260973580134
 20
482.9420180938515
 30
0.0
 10
120.6105808354139
 20
483.062387343368
 30
0.0
 10
119.3761533565155
 20
483.1418769435837
 30
0.0
 10
118.5112160743338
 20
483.1503789252291
 30
0.0
 10
118.0599565421176
 20
483.1548146228678
 30
0.0
  0
SPLINE
  5
132
330
1F
100
AcDbEntity
  8
0
  6
Continuous
 62
     7
370
    25
100
AcDbSpline
210
0.0
220
0.0
230
1.0
 70
     8
 71
     3
 72
    19
 73
    15
 74
     0
 42
0.00000001
 43
0.00000001
 40
0.0
 40
0.0
 40
0.0
 40
0.0
 40
0.1108026438013187
 40
0.2128292023477703
 40
0.3061013098231111
 40
0.3906473211160104
 40
0.4669244693608518
 40
0.5344810392840306
 40
0.5935869409656727
 40
0.6445570045087177
 40
0.736200452629373
 40
0.8250240256188645
 40
0.9119855848297583
 40
1.0
 40
1.0
 40
1.0
 40
1.0
 10
116.4900200234784
 20
367.8905400022654
 30
0.0
 10
116.7403791624311
 20
367.650706766574
 30
0.0
 10
117.2212678309301
 20
367.190036204054
 30
0.0
 10
117.9233453130456
 20
366.5384712180673
 30
0.0
 10
118.5746705516467
 20
365.9532625600286
 30
0.0
 10
119.1740129317867
 20
365.4306220524846
 30
0.0
 10
119.7301391666456
 20
364.9818874706869
 30
0.0
 10
120.2250378726824
 20
364.5836718445516
 30
0.0
 10
120.6804558834884
 20
364.264607269996
 30
0.0
 10
121.2083449101679
 20
363.9183298270054
 30
0.0
 10
121.8528685833739
 20
363.5829483620012
 30
0.0
 10
122.6405130711541
 20
363.2947501210223
 30
0.0
 10
123.4513337048598
 20
363.1190195065666
 30
0.0
 10
123.9992627737171
 20
363.0979387003243
 30
0.0
 10
124.2748757927091
 20
363.0873348740602
 30
0.0
  0
LINE
  5
133
330
1F
100
AcDbEntity
  8
0
  6
Continuous
 62
     7
370
    25
100
AcDbLine
 10
105.9779206645
 20
377.7411810279
 30
0.0
 11
116.4900200235
 21
367.8905400023
 31
0.0
  0
LINE
  5
134
330
1F
100
AcDbEntity
  8
0
  6
Continuous
 62
     7
370
    25
100
AcDbLine
 10
105.9779206645
 20
360.4822066689
 30
0.0
 11
105.9779206645
 21
377.7411810279
 31
0.0
  0
LINE
  5
135
330
1F
100
AcDbEntity
  8
0
  6
Continuous
 62
     7
370
    25
100
AcDbLine
 10
108.5830488696
 20
360.4822066689
 30
0.0
 11
105.9779206645
 21
360.4822066689
 31
0.0
  0
LINE
  5
136
330
1F
100
AcDbEntity
  8
0
  6
Continuous
 62
     7
370
    25
100
AcDbLine
 10
108.5830488696
 20
372.2968701305
 30
0.0
 11
108.5830488696
 21
360.4822066689
 31
0.0
  0
LINE
  5
137
330
1F
100
AcDbEntity
  8
0
  6
Continuous
 62
     7
370
    25
100
AcDbLine
 10
115.3604527158
 20
365.9417819894
 30
0.0
 11
108.5830488696
 21
372.2968701305
 31
0.0
  0
SPLINE
  5
138
330
1F
100
AcDbEntity
  8
0
  6
Continuous
 62
     7
370
    25
100
AcDbSpline
210
0.0
220
0.0
230
1.0
 70
     8
 71
     3
 72
    19
 73
    15
 74
     0
 42
0.00000001
 43
0.00000001
 40
0.0
 40
0.0
 40
0.0
 40
0.0
 40
0.0986835971880049
 40
0.1956354369625602
 40
0.2928171151783299
 40
0.3917185922877373
 40
0.4448284794206612
 40
0.504322196952834
 40
0.5704332993909429
 40
0.6426131106036513
 40
0.7223398365756666
 40
0.807957317396371
 40
0.9004882931788357
 40
1.0
 40
1.0
 40
1.0
 40
1.0
 10
124.4784014337348
 20
360.807847694573
 30
0.0
 10
124.1246171039803
 20
360.8200879179412
 30
0.0
 10
123.4232568585672
 20
360.8443535660874
 30
0.0
 10
122.3912595212254
 20
361.0537635221982
 30
0.0
 10
121.3904628057475
 20
361.3773021681764
 30
0.0
 10
120.5850719685882
 20
361.7697178665014
 30
0.0
 10
119.9393539454769
 20
362.166107129027
 30
0.0
 10
119.402937577514
 20
362.515754789313
 30
0.0
 10
118.8308830121503
 20
362.9341461486242
 30
0.0
 10
118.2174286783813
 20
363.4174530907915
 30
0.0
 10
117.5606981083732
 20
363.9583845997978
 30
0.0
 10
116.8604218052535
 20
364.5608339024674
 30
0.0
 10
116.1240373040002
 20
365.229403198891
 30
0.0
 10
115.6210751191237
 20
365.6986368613915
 30
0.0
 10
115.3604527157861
 20
365.9417819894448
 30
0.0
  0
SPLINE
  5
139
330
1F
100
AcDbEntity
  8
0
  6
Continuous
 62
     7
370
    25
100
AcDbSpline
210
0.0
220
0.0
230
1.0
 70
     8
 71
     3
 72
    23
 73
    19
 74
     0
 42
0.00000001
 43
0.00000001
 40
0.0
 40
0.0
 40
0.0
 40
0.0
 40
0.0694754602496704
 40
0.136516797617799
 40
0.2007888236092609
 40
0.263829672855826
 40
0.32573502296542
 40
0.387290692215291
 40
0.4495092187626026
 40
0.5129678195454412
 40
0.5762752154930609
 40
0.6375801002639241
 40
0.6979026059171018
 40
0.7571720884269852
 40
0.8165985284886552
 40
0.8766531708928196
 40
0.9372896424102398
 40
1.0
 40
1.0
 40
1.0
 40
1.0
 10
132.0292027157861
 20
368.4807643612397
 30
0.0
 10
132.0226824890107
 20
368.2022491950058
 30
0.0
 10
132.0098704763098
 20
367.6549768423564
 30
0.0
 10
131.8998447210562
 20
366.8562410803269
 30
0.0
 10
131.7275195703315
 20
366.0958572862212
 30
0.0
 10
131.4857448348007
 20
365.3753117806052
 30
0.0
 10
131.1607378474378
 20
364.7003534834309
 30
0.0
 10
130.7703214240329
 20
364.0659119600791
 30
0.0
 10
130.3187832192178
 20
363.4644340760531
 30
0.0
 10
129.7871698301923
 20
362.9230019892676
 30
0.0
 10
129.2196439543217
 20
362.4258290713817
 30
0.0
 10
128.6137603109649
 20
361.9969155626204
 30
0.0
 10
127.9879820660617
 20
361.6296086048425
 30
0.0
 10
127.3375374031558
 20
361.3234465851334
 30
0.0
 10
126.656301939818
 20
361.0980677482609
 30
0.0
 10
125.9541936681301
 20
360.9269573242763
 30
0.0
 10
125.2239450396824
 20
360.8302383792256
 30
0.0
 10
124.7296860358388
 20
360.8153944486983
 30
0.0
 10
124.4784014337348
 20
360.807847694573
 30
0.0
  0
SPLINE
  5
13A
330
1F
100
AcDbEntity
  8
0
  6
Continuous
 62
     7
370
    25
100
AcDbSpline
210
0.0
220
0.0
230
1.0
 70
     8
 71
     3
 72
    23
 73
    19
 74
     0
 42
0.00000001
 43
0.00000001
 40
0.0
 40
0.0
 40
0.0
 40
0.0
 40
0.0687907943906179
 40
0.1351032894311276
 40
0.1989786743106514
 40
0.2619042997808563
 40
0.3234949693679693
 40
0.3851953779660512
 40
0.4469692387407742
 40
0.5097647767031322
 40
0.5722505688473685
 40
0.6334051756611528
 40
0.6932511629217528
 40
0.7525831627856703
 40
0.8125792661534215
 40
0.8732750849201919
 40
0.9355499428950292
 40
1.0
 40
1.0
 40
1.0
 40
1.0
 10
123.5625360491194
 20
376.7642579509833
 30
0.0
 10
123.8649476346342
 20
376.7494014691543
 30
0.0
 10
124.4588759404064
 20
376.7202237342227
 30
0.0
 10
125.3248265754169
 20
376.5835841492946
 30
0.0
 10
126.152538543306
 20
376.3880703547221
 30
0.0
 10
126.9353659189715
 20
376.1116352313003
 30
0.0
 10
127.6802304057287
 20
375.7683268154855
 30
0.0
 10
128.3841733767454
 20
375.3566289024928
 30
0.0
 10
129.0445094319886
 20
374.8689935301953
 30
0.0
 10
129.6551170376185
 20
374.3159503745513
 30
0.0
 10
130.2152782657051
 20
373.7152865368379
 30
0.0
 10
130.699004884927
 20
373.0671805761052
 30
0.0
 10
131.1077102713825
 20
372.386133806656
 30
0.0
 10
131.4493855691898
 20
371.6742124541643
 30
0.0
 10
131.705851879599
 20
370.9233843643329
 30
0.0
 10
131.8961460641581
 20
370.1404630531552
 30
0.0
 10
132.0106372588232
 20
369.3220087489267
 30
0.0
 10
132.0229438172087
 20
368.7643697317861
 30
0.0
 10
132.0292027157861
 20
368.4807643612397
 30
0.0
  0
LINE
  5
13B
330
1F
100
AcDbEntity
  8
0
  6
Continuous
 62
     7
370
    25
100
AcDbLine
 10
123.5625360491
 20
374.4847707715
 30
0.0
 11
123.5625360491
 21
376.764257951
 31
0.0
  0
SPLINE
  5
13C
330
1F
100
AcDbEntity
  8
0
  6
Continuous
 62
     7
370
    25
100
AcDbSpline
210
0.0
220
0.0
230
1.0
 70
     8
 71
     3
 72
    23
 73
    19
 74
     0
 42
0.00000001
 43
0.00000001
 40
0.0
 40
0.0
 40
0.0
 40
0.0
 40
0.0644386715952429
 40
0.1265469112716776
 40
0.1868871534365705
 40
0.2458775355894552
 40
0.3040408846912667
 40
0.3621912180726605
 40
0.4209759327916447
 40
0.4806602832796659
 40
0.5406002749537577
 40
0.6006890983494533
 40
0.6619357897571955
 40
0.7244425059139824
 40
0.7890383938817438
 40
0.8563137570509943
 40
0.9263520282058636
 40
1.0
 40
1.0
 40
1.0
 40
1.0
 10
129.4240745106578
 20
368.5977916048294
 30
0.0
 10
129.418885419371
 20
368.796425648261
 30
0.0
 10
129.4086949008765
 20
369.1865101122544
 30
0.0
 10
129.3374104250487
 20
369.7592368084224
 30
0.0
 10
129.2144320404537
 20
370.3055964510242
 30
0.0
 10
129.0462356034737
 20
370.8269634038825
 30
0.0
 10
128.8324507063059
 20
371.3242198266377
 30
0.0
 10
128.5661734734943
 20
371.7949474605086
 30
0.0
 10
128.2484304089016
 20
372.2380895711377
 30
0.0
 10
127.8881818001499
 20
372.6544791977021
 30
0.0
 10
127.4870969227544
 20
373.0381206457633
 30
0.0
 10
127.0399846193542
 20
373.375192259183
 30
0.0
 10
126.5550085192326
 20
373.6697162475397
 30
0.0
 10
126.0334772093865
 20
373.9266861133644
 30
0.0
 10
125.4706583489274
 20
374.1353702642508
 30
0.0
 10
124.868549862313
 20
374.2948325559508
 30
0.0
 10
124.2297661227304
 20
374.4210113864448
 30
0.0
 10
123.7886400783427
 20
374.4631646502629
 30
0.0
 10
123.5625360491194
 20
374.4847707714961
 30
0.0
  0
SPLINE
  5
13D
330
1F
100
AcDbEntity
  8
0
  6
Continuous
 62
     7
370
    25
100
AcDbSpline
210
0.0
220
0.0
230
1.0
 70
     8
 71
     3
 72
    23
 73
    19
 74
     0
 42
0.00000001
 43
0.00000001
 40
0.0
 40
0.0
 40
0.0
 40
0.0
 40
0.0619654006870624
 40
0.1221219056382957
 40
0.1809884968498416
 40
0.2399332164519029
 40
0.2999058311065241
 40
0.3599888474769873
 40
0.4217757417416463
 40
0.4865758264211267
 40
0.5515348046197416
 40
0.6150175427599797
 40
0.6772586166616571
 40
0.7397299623627136
 40
0.8030501026629513
 40
0.8664951320156984
 40
0.9319734741771488
 40
1.0
 40
1.0
 40
1.0
 40
1.0
 10
124.2748757927091
 20
363.0873348740602
 30
0.0
 10
124.4481865126047
 20
363.0919485467474
 30
0.0
 10
124.7897486609411
 20
363.1010412096578
 30
0.0
 10
125.2905333121047
 20
363.1812885000414
 30
0.0
 10
125.773603675225
 20
363.3025590299844
 30
0.0
 10
126.2404456539659
 20
363.4763331883894
 30
0.0
 10
126.6863655289605
 20
363.7057078164373
 30
0.0
 10
127.1119060995809
 20
363.9849146306964
 30
0.0
 10
127.5233060184615
 20
364.3070596623575
 30
0.0
 10
127.9090470957972
 20
364.6797231597873
 30
0.0
 10
128.2623335584414
 20
365.0891096178121
 30
0.0
 10
128.5752912068771
 20
365.5215936005164
 30
0.0
 10
128.8368321823885
 20
365.9791572142883
 30
0.0
 10
129.0512335619265
 20
366.4598712437928
 30
0.0
 10
129.2194206140371
 20
366.9623955074992
 30
0.0
 10
129.3359600189933
 20
367.4877019435302
 30
0.0
 10
129.4091300453489
 20
368.0343390902661
 30
0.0
 10
129.4190300357696
 20
368.4075993161354
 30
0.0
 10
129.4240745106578
 20
368.5977916048294
 30
0.0
  0
SPLINE
  5
13E
330
1F
100
AcDbEntity
  8
0
  6
Continuous
 62
     7
370
    25
100
AcDbSpline
210
0.0
220
0.0
230
1.0
 70
     8
 71
     3
 72
    31
 73
    27
 74
     0
 42
0.00000001
 43
0.00000001
 40
0.0
 40
0.0
 40
0.0
 40
0.0
 40
0.0337881161627104
 40
0.0671939323738801
 40
0.0998624108568252
 40
0.1325666121262583
 40
0.1651511732547863
 40
0.197913187355792
 40
0.2313190035669618
 40
0.2650832782673734
 40
0.299255308758115
 40
0.3343985665049786
 40
0.3699428235093078
 40
0.4062835607000611
 40
0.4440638196985084
 40
0.4829977068727755
 40
0.5233544466133045
 40
0.5655365896041492
 40
0.6096129240658195
 40
0.6563908113764172
 40
0.7058854949364574
 40
0.7583245002617311
 40
0.8138317829411501
 40
0.87279455903939
 40
0.9347222295400741
 40
1.0
 40
1.0
 40
1.0
 40
1.0
 10
132.0292027157861
 20
349.7106121176499
 30
0.0
 10
132.0256625713684
 20
349.5086060737921
 30
0.0
 10
132.0186223379487
 20
349.1068796092349
 30
0.0
 10
131.9509571549833
 20
348.5129523145931
 30
0.0
 10
131.8386810045084
 20
347.9327460530072
 30
0.0
 10
131.6795973603943
 20
347.3687344178448
 30
0.0
 10
131.4822344497802
 20
346.8162845160501
 30
0.0
 10
131.2348593713307
 20
346.2797174434216
 30
0.0
 10
130.9469041626023
 20
345.7557003366479
 30
0.0
 10
130.6085480244342
 20
345.2525605357892
 30
0.0
 10
130.2313052200349
 20
344.7647744701348
 30
0.0
 10
129.8048561378621
 20
344.3043235388515
 30
0.0
 10
129.3335067465981
 20
343.8711658297672
 30
0.0
 10
128.8223000772496
 20
343.4598650421071
 30
0.0
 10
128.2614311758859
 20
343.0820901367183
 30
0.0
 10
127.6606550646632
 20
342.7223286570668
 30
0.0
 10
127.0094653601596
 20
342.4003144536662
 30
0.0
 10
126.3187271078274
 20
342.0901828109415
 30
0.0
 10
125.5693279839162
 20
341.8224886786053
 30
0.0
 10
124.7654922932992
 20
341.5810707843434
 30
0.0
 10
123.8977253372778
 20
341.3860062695424
 30
0.0
 10
122.970580014279
 20
341.2235241217171
 30
0.0
 10
121.9806514216218
 20
341.0976497339975
 30
0.0
 10
120.9300615890508
 20
341.0059728457703
 30
0.0
 10
119.8181193255435
 20
340.9575453143274
 30
0.0
 10
119.0578766486578
 20
340.9484252541419
 30
0.0
 10
118.6677443824527
 20
340.9437451304705
 30
0.0
  0
SPLINE
  5
13F
330
1F
100
AcDbEntity
  8
0
  6
Continuous
 62
     7
370
    25
100
AcDbSpline
210
0.0
220
0.0
230
1.0
 70
     8
 71
     3
 72
    31
 73
    27
 74
     0
 42
0.00000001
 43
0.00000001
 40
0.0
 40
0.0
 40
0.0
 40
0.0
 40
0.0685946222587424
 40
0.1332460424433009
 40
0.1943125864682562
 40
0.2512792231169662
 40
0.3045134392563467
 40
0.3542349066533249
 40
0.4004805887739888
 40
0.4434107549384918
 40
0.484014868616345
 40
0.523252300773203
 40
0.56104237272836
 40
0.5979002393643998
 40
0.6335184888561955
 40
0.6683143511696513
 40
0.7024956712863817
 40
0.7366853535134584
 40
0.7702931693607888
 40
0.803437255019249
 40
0.8359129516660286
 40
0.8684602457892908
 40
0.9008465382431826
 40
0.9334665246307077
 40
0.9662575752981231
 40
1.0
 40
1.0
 40
1.0
 40
1.0
 10
118.6677443824527
 20
358.2027194894448
 30
0.0
 10
119.0748511391527
 20
358.2003390148163
 30
0.0
 10
119.8656618819772
 20
358.195714908539
 30
0.0
 10
121.0179847129762
 20
358.1442732251296
 30
0.0
 10
122.0990108102555
 20
358.0588178837712
 30
0.0
 10
123.1087919180772
 20
357.9417066636577
 30
0.0
 10
124.0475887234343
 20
357.7991910357493
 30
0.0
 10
124.9128923895092
 20
357.6089415044141
 30
0.0
 10
125.7087078203583
 20
357.3925857368655
 30
0.0
 10
126.4376301150128
 20
357.141833701555
 30
0.0
 10
127.1094797312308
 20
356.8588937469647
 30
0.0
 10
127.7366797634769
 20
356.5509422548674
 30
0.0
 10
128.3182812153142
 20
356.205757746765
 30
0.0
 10
128.8635668943618
 20
355.8430681500939
 30
0.0
 10
129.3636108508548
 20
355.4481919731378
 30
0.0
 10
129.8254747445606
 20
355.0323664651755
 30
0.0
 10
130.2384841907837
 20
354.579361991694
 30
0.0
 10
130.6147402138068
 20
354.1045778745096
 30
0.0
 10
130.9445735225118
 20
353.603715532924
 30
0.0
 10
131.235096825609
 20
353.0910516129133
 30
0.0
 10
131.4832901479928
 20
352.5630574161303
 30
0.0
 10
131.6784378825163
 20
352.0182914030995
 30
0.0
 10
131.8396251705233
 20
351.4616499829858
 30
0.0
 10
131.9498535334441
 20
350.8911872704262
 30
0.0
 10
132.0192093836242
 20
350.3059613721454
 30
0.0
 10
132.0258400009388
 20
349.910944673896
 30
0.0
 10
132.0292027157861
 20
349.7106121176499
 30
0.0
  0
SPLINE
  5
140
330
1F
100
AcDbEntity
  8
0
  6
Continuous
 62
     7
370
    25
100
AcDbSpline
210
0.0
220
0.0
230
1.0
 70
     8
 71
     3
 72
    31
 73
    27
 74
     0
 42
0.00000001
 43
0.00000001
 40
0.0
 40
0.0
 40
0.0
 40
0.0
 40
0.0337871463469911
 40
0.0666216577242939
 40
0.0992848780959722
 40
0.1313611650426506
 40
0.1635851875953432
 40
0.1961039269870679
 40
0.2289022543238168
 40
0.2621580559050073
 40
0.2959912222583163
 40
0.3302178457247998
 40
0.3650598258919538
 40
0.4009507373401076
 40
0.4376203820767376
 40
0.4757075294370919
 40
0.5153806916250483
 40
0.5564135414931642
 40
0.5997648298727309
 40
0.6464241555840872
 40
0.6964314445175667
 40
0.7497815178015574
 40
0.8065733069755322
 40
0.8674355315653993
 40
0.931886753250874
 40
1.0
 40
1.0
 40
1.0
 40
1.0
 10
105.3266386132219
 20
349.7106121176499
 30
0.0
 10
105.3300230214087
 20
349.9109391162858
 30
0.0
 10
105.3366964137546
 20
350.3059448560126
 30
0.0
 10
105.4057389222688
 20
350.8912510292018
 30
0.0
 10
105.5167405741528
 20
351.4593579044517
 30
0.0
 10
105.6721639295567
 20
352.0130688623246
 30
0.0
 10
105.8624087416744
 20
352.5552247146462
 30
0.0
 10
106.1102669026789
 20
353.0784377663769
 30
0.0
 10
106.3957198602451
 20
353.5885255280177
 30
0.0
 10
106.7208066329686
 20
354.0841271059775
 30
0.0
 10
107.0932554191003
 20
354.5559296460952
 30
0.0
 10
107.5052019712823
 20
355.006588096087
 30
0.0
 10
107.9669261561264
 20
355.4247810918193
 30
0.0
 10
108.4711373695367
 20
355.814011385728
 30
0.0
 10
109.0131968996087
 20
356.183937625777
 30
0.0
 10
109.6005056639954
 20
356.5242205064367
 30
0.0
 10
110.2307348944057
 20
356.8389689902448
 30
0.0
 10
110.907956303305
 20
357.1266674653822
 30
0.0
 10
111.6420520654875
 20
357.3817463377476
 30
0.0
 10
112.441420389477
 20
357.6070639909136
 30
0.0
 10
113.3131167201332
 20
357.7849667336964
 30
0.0
 10
114.2501398985551
 20
357.9372430381121
 30
0.0
 10
115.2565164219266
 20
358.0600657036277
 30
0.0
 10
116.3327926407687
 20
358.143917093081
 30
0.0
 10
117.4782978712613
 20
358.1957426364834
 30
0.0
 10
118.2640270905875
 20
358.2003514332466
 30
0.0
 10
118.6677443824527
 20
358.2027194894448
 30
0.0
  0
SPLINE
  5
141
330
1F
100
AcDbEntity
  8
0
  6
Continuous
 62
     7
370
    25
100
AcDbSpline
210
0.0
220
0.0
230
1.0
 70
     8
 71
     3
 72
    31
 73
    27
 74
     0
 42
0.00000001
 43
0.00000001
 40
0.0
 40
0.0
 40
0.0
 40
0.0
 40
0.0650632896172791
 40
0.1267731664665229
 40
0.1855157632260791
 40
0.240764679167715
 40
0.2929797960235981
 40
0.3422503727797674
 40
0.3889192861856604
 40
0.4327756640583103
 40
0.4746284326311178
 40
0.5147746906379534
 40
0.5536058934984426
 40
0.5914264064311731
 40
0.6280281199460672
 40
0.6638036341103205
 40
0.6989843361316637
 40
0.7335914893067054
 40
0.7676284691511396
 40
0.8012083477865919
 40
0.8342638397266232
 40
0.8669806947287763
 40
0.8997197415181606
 40
0.9327019124985383
 40
0.9661758834327495
 40
1.0
 40
1.0
 40
1.0
 40
1.0
 10
118.6677443824527
 20
340.9437451304705
 30
0.0
 10
118.279313736253
 20
340.9484737725892
 30
0.0
 10
117.5224724627632
 20
340.9576873389183
 30
0.0
 10
116.4155333847282
 20
341.005429953747
 30
0.0
 10
115.3705190133615
 20
341.099472591444
 30
0.0
 10
114.3849230858039
 20
341.2171107923133
 30
0.0
 10
113.4628477948448
 20
341.380040637892
 30
0.0
 10
112.6011023688205
 20
341.5803752729727
 30
0.0
 10
111.7959653915914
 20
341.8028090443078
 30
0.0
 10
111.0540327587649
 20
342.0773815501332
 30
0.0
 10
110.3649545414032
 20
342.3779049909388
 30
0.0
 10
109.7214843792392
 20
342.7048769860402
 30
0.0
 10
109.1179347123641
 20
343.0551780096334
 30
0.0
 10
108.5591365489208
 20
343.4368220447982
 30
0.0
 10
108.041131437592
 20
343.8436096719951
 30
0.0
 10
107.5730629760637
 20
344.2842473392357
 30
0.0
 10
107.143652956674
 20
344.7463138711187
 30
0.0
 10
106.7615525745201
 20
345.2355354031707
 30
0.0
 10
106.4271085637305
 20
345.7465220892556
 30
0.0
 10
106.1280137637732
 20
346.2687393903676
 30
0.0
 10
105.8868393482686
 20
346.8114530866593
 30
0.0
 10
105.6797564794586
 20
347.3623642293249
 30
0.0
 10
105.5215474857706
 20
347.9293529434162
 30
0.0
 10
105.4121543628496
 20
348.5117124644196
 30
0.0
 10
105.3354329483493
 20
349.1064805765878
 30
0.0
 10
105.3295802086828
 20
349.5085376488918
 30
0.0
 10
105.3266386132219
 20
349.7106121176499
 30
0.0
  0
CIRCLE
  5
142
330
1F
100
AcDbEntity
  8
0
  6
Continuous
 62
     7
370
    25
100
AcDbCircle
 10
117.56
 20
359.7962186788
 30
0.0
 40
50.0
  0
SPLINE
  5
143
330
1F
100
AcDbEntity
  8
0
  6
Continuous
 62
     7
370
    25
100
AcDbSpline
210
0.0
220
0.0
230
1.0
 70
     8
 71
     3
 72
    15
 73
    11
 74
     0
 42
0.00000001
 43
0.00000001
 40
0.0
 40
0.0
 40
0.0
 40
0.0
 40
0.1105883385953361
 40
0.2245417540535959
 40
0.3425034940501039
 40
0.4643240984173579
 40
0.5907560327017664
 40
0.7222274753555145
 40
0.8588428362087245
 40
1.0
 40
1.0
 40
1.0
 40
1.0
 10
112.2923036773245
 20
344.1848909638038
 30
0.0
 10
112.518942358023
 20
344.1083152775291
 30
0.0
 10
112.9791160756756
 20
343.9528337942878
 30
0.0
 10
113.692955150774
 20
343.7524512038658
 30
0.0
 10
114.4419123519236
 20
343.5946417353589
 30
0.0
 10
115.2215117703946
 20
343.4526675953489
 30
0.0
 10
116.0375027434457
 20
343.3557625611223
 30
0.0
 10
116.8873605010057
 20
343.277764144724
 30
0.0
 10
117.7717258155144
 20
343.2318214452219
 30
0.0
 10
118.3725808944742
 20
343.2261263945899
 30
0.0
 10
118.677920664504
 20
343.2232323099577
 30
0.0
  0
SPLINE
  5
144
330
1F
100
AcDbEntity
  8
0
  6
Continuous
 62
     7
370
    25
100
AcDbSpline
210
0.0
220
0.0
230
1.0
 70
     8
 71
     3
 72
    19
 73
    15
 74
     0
 42
0.00000001
 43
0.00000001
 40
0.0
 40
0.0
 40
0.0
 40
0.0
 40
0.1128134007444585
 40
0.2253938839207294
 40
0.3395948145627009
 40
0.4596754102248634
 40
0.5217351900879332
 40
0.583925838738916
 40
0.6481741447653696
 40
0.7138810381130662
 40
0.7810044549073892
 40
0.851450927556555
 40
0.9240506926641777
 40
1.0
 40
1.0
 40
1.0
 40
1.0
 10
107.9317668183502
 20
349.6342900022653
 30
0.0
 10
107.943362141954
 20
349.3530200422493
 30
0.0
 10
107.966528849146
 20
348.7910608397089
 30
0.0
 10
108.1900396860904
 20
347.9700327263757
 30
0.0
 10
108.5272757724839
 20
347.1729787663501
 30
0.0
 10
108.9260376689551
 20
346.5483423997548
 30
0.0
 10
109.3057918312586
 20
346.0731262269157
 30
0.0
 10
109.6295667075866
 20
345.73264292729
 30
0.0
 10
109.9921035731818
 20
345.4201354900887
 30
0.0
 10
110.3832584635357
 20
345.1237387182867
 30
0.0
 10
110.8105044915398
 20
344.8518928548175
 30
0.0
 10
111.2717871806131
 20
344.6046917984008
 30
0.0
 10
111.7683875003187
 20
344.3791155047874
 30
0.0
 10
112.1150593213307
 20
344.2505984284627
 30
0.0
 10
112.2923036773245
 20
344.1848909638038
 30
0.0
  0
SPLINE
  5
145
330
1F
100
AcDbEntity
  8
0
  6
Continuous
 62
     7
370
    25
100
AcDbSpline
210
0.0
220
0.0
230
1.0
 70
     8
 71
     3
 72
    27
 73
    23
 74
     0
 42
0.00000001
 43
0.00000001
 40
0.0
 40
0.0
 40
0.0
 40
0.0
 40
0.0729510658758665
 40
0.1415836941865451
 40
0.2059264601708671
 40
0.2653013571846055
 40
0.3205972327139283
 40
0.3718165030988105
 40
0.4187897697094522
 40
0.4616987286157647
 40
0.5021335821035657
 40
0.5408043152926482
 40
0.5781805253279664
 40
0.6142968652075148
 40
0.6496782432647874
 40
0.6842994600896377
 40
0.7183589527723611
 40
0.7520808646475969
 40
0.8176524386023857
 40
0.8797220764054373
 40
0.9399655597309876
 40
1.0
 40
1.0
 40
1.0
 40
1.0
 10
118.677920664504
 20
355.9232323099577
 30
0.0
 10
118.3386586788989
 20
355.9223654655248
 30
0.0
 10
117.6802177823564
 20
355.9206830906944
 30
0.0
 10
116.7234124027025
 20
355.8767323779339
 30
0.0
 10
115.8309991592865
 20
355.8168592657092
 30
0.0
 10
115.0018449232253
 20
355.7396338518512
 30
0.0
 10
114.2387562610112
 20
355.6249495968339
 30
0.0
 10
113.5364848467671
 20
355.4964489080999
 30
0.0
 10
112.8987471831412
 20
355.3400713434347
 30
0.0
 10
112.3211670711712
 20
355.1550503566284
 30
0.0
 10
111.7939424026621
 20
354.9443094820301
 30
0.0
 10
111.3033507271666
 20
354.7142154999673
 30
0.0
 10
110.8435966741755
 20
354.4670319680289
 30
0.0
 10
110.4188099162604
 20
354.1903958468729
 30
0.0
 10
110.027605182703
 20
353.8891151022968
 30
0.0
 10
109.6630583424213
 20
353.5699948788418
 30
0.0
 10
109.3379602493001
 20
353.2211252674848
 30
0.0
 10
108.9480567870862
 20
352.738498107314
 30
0.0
 10
108.5451465023057
 20
352.1013465500434
 30
0.0
 10
108.1942920218133
 20
351.2985581035092
 30
0.0
 10
107.9738021951331
 20
350.4736499163862
 30
0.0
 10
107.9457623662016
 20
349.9137522728982
 30
0.0
 10
107.9317668183502
 20
349.6342900022653
 30
0.0
  0
SPLINE
  5
146
330
1F
100
AcDbEntity
  8
0
  6
Continuous
 62
     7
370
    25
100
AcDbSpline
210
0.0
220
0.0
230
1.0
 70
     8
 71
     3
 72
    27
 73
    23
 74
     0
 42
0.00000001
 43
0.00000001
 40
0.0
 40
0.0
 40
0.0
 40
0.0
 40
0.0656811979906388
 40
0.1284864641740649
 40
0.1881751303280078
 40
0.2451061306699863
 40
0.2994484245294755
 40
0.350822936009382
 40
0.3999416805337775
 40
0.4466717436323721
 40
0.491254533373498
 40
0.5333763442704362
 40
0.5738527549682235
 40
0.6125263117194528
 40
0.6495971364453291
 40
0.6855320415538498
 40
0.7201057860682004
 40
0.7538376629736497
 40
0.8189254160467137
 40
0.8804934616501637
 40
0.940311333846057
 40
1.0
 40
1.0
 40
1.0
 40
1.0
 10
118.677920664504
 20
343.2232323099577
 30
0.0
 10
118.9832110479207
 20
343.2272251118195
 30
0.0
 10
119.5804243008997
 20
343.2350358858169
 30
0.0
 10
120.4550419548477
 20
343.2648916822765
 30
0.0
 10
121.2857508483027
 20
343.3419884800185
 30
0.0
 10
122.0761297070666
 20
343.4276163712066
 30
0.0
 10
122.8218033324077
 20
343.5538704899892
 30
0.0
 10
123.529014119125
 20
343.6899985742062
 30
0.0
 10
124.1890006420997
 20
343.8728873719695
 30
0.0
 10
124.8120958922354
 20
344.0682480246379
 30
0.0
 10
125.3912206420411
 20
344.2918434664945
 30
0.0
 10
125.9290749773536
 20
344.5379747951066
 30
0.0
 10
126.428255551303
 20
344.8008412730304
 30
0.0
 10
126.8873927844583
 20
345.0863535323633
 30
0.0
 10
127.3085432387277
 20
345.3911222037513
 30
0.0
 10
127.683262867799
 20
345.7231912750708
 30
0.0
 10
128.0231654363582
 20
346.0693887234695
 30
0.0
 10
128.4111509379835
 20
346.554290586304
 30
0.0
 10
128.8067500994898
 20
347.1891040037125
 30
0.0
 10
129.1708101853334
 20
347.9790124158548
 30
0.0
 10
129.3798760803538
 20
348.8010336627059
 30
0.0
 10
129.4093523234305
 20
349.3567381581167
 30
0.0
 10
129.4240745106578
 20
349.6342900022653
 30
0.0
  0
SPLINE
  5
147
330
1F
100
AcDbEntity
  8
0
  6
Continuous
 62
     7
370
    25
100
AcDbSpline
210
0.0
220
0.0
230
1.0
 70
     8
 71
     3
 72
    27
 73
    23
 74
     0
 42
0.00000001
 43
0.00000001
 40
0.0
 40
0.0
 40
0.0
 40
0.0
 40
0.0603866193110621
 40
0.1208832485859962
 40
0.1827546186251397
 40
0.2478110297583511
 40
0.2812991000432489
 40
0.3150876241506572
 40
0.3497023955502753
 40
0.3848565811185556
 40
0.4209661972261025
 40
0.458511188261139
 40
0.4971747221273121
 40
0.5376020478662696
 40
0.5805030184200115
 40
0.6274675400267047
 40
0.6783882095592434
 40
0.7339832205925604
 40
0.7937467045508348
 40
0.8577136721607321
 40
0.926697864361386
 40
1.0
 40
1.0
 40
1.0
 40
1.0
 10
129.4240745106578
 20
349.6342900022653
 30
0.0
 10
129.4093320121321
 20
349.9152182991239
 30
0.0
 10
129.3798201577775
 20
350.4775866769438
 30
0.0
 10
129.1715891174271
 20
351.3081518341037
 30
0.0
 10
128.8086378789085
 20
352.1042919860221
 30
0.0
 10
128.4098406615916
 20
352.7374267165486
 30
0.0
 10
128.0300140585579
 20
353.2226667672037
 30
0.0
 10
127.7006380776765
 20
353.5643525991379
 30
0.0
 10
127.3403481174266
 20
353.8847276775178
 30
0.0
 10
126.9455456496555
 20
354.1798589870882
 30
0.0
 10
126.5212541268253
 20
354.4562783565405
 30
0.0
 10
126.0641356628191
 20
354.7101405620899
 30
0.0
 10
125.5718737624405
 20
354.9388663260247
 30
0.0
 10
125.0448859168279
 20
355.1499369600179
 30
0.0
 10
124.4673556343528
 20
355.3355223359796
 30
0.0
 10
123.8304035094174
 20
355.4886042405629
 30
0.0
 10
123.130365780433
 20
355.6300245689188
 30
0.0
 10
122.3631442084879
 20
355.7301388060828
 30
0.0
 10
121.5337822954655
 20
355.8191386336107
 30
0.0
 10
120.6391411860297
 20
355.876334701607
 30
0.0
 10
119.6807311111098
 20
355.9208301129552
 30
0.0
 10
119.0188857894048
 20
355.9224155400449
 30
0.0
 10
118.677920664504
 20
355.9232323099577
 30
0.0
  0
SPLINE
  5
148
330
1F
100
AcDbEntity
  8
0
  6
Continuous
 62
     7
370
    25
100
AcDbSpline
210
0.0
220
0.0
230
1.0
 70
     8
 71
     3
 72
    15
 73
    11
 74
     0
 42
0.00000001
 43
0.00000001
 40
0.0
 40
0.0
 40
0.0
 40
0.0
 40
0.1022030370352198
 40
0.2110233423738756
 40
0.3250996615652083
 40
0.4465020971348895
 40
0.5737877176488557
 40
0.7089007097660661
 40
0.8503578712934003
 40
0.9999999999999999
 40
0.9999999999999999
 40
0.9999999999999999
 40
0.9999999999999999
 10
119.8458094259576
 20
239.5819013664769
 30
0.0
 10
119.8415959929855
 20
239.7787798783864
 30
0.0
 10
119.8328963228539
 20
240.1852840570285
 30
0.0
 10
119.7688411744571
 20
240.8088382852923
 30
0.0
 10
119.6655045806071
 20
241.464098217752
 30
0.0
 10
119.5233643846879
 20
242.1485519855027
 30
0.0
 10
119.3373559990682
 20
242.8642551014502
 30
0.0
 10
119.1144564802427
 20
243.6096972095853
 30
0.0
 10
118.8479596895783
 20
244.3864456586201
 30
0.0
 10
118.6467030526738
 20
244.9098142871139
 30
0.0
 10
118.5432453233935
 20
245.178856494682
 30
0.0
  0
SPLINE
  5
149
330
1F
100
AcDbEntity
  8
0
  6
Continuous
 62
     7
370
    25
100
AcDbSpline
210
0.0
220
0.0
230
1.0
 70
     8
 71
     3
 72
    23
 73
    19
 74
     0
 42
0.00000001
 43
0.00000001
 40
0.0
 40
0.0
 40
0.0
 40
0.0
 40
0.0653513820265937
 40
0.1279160318306127
 40
0.1883602055716998
 40
0.2472160772654523
 40
0.3056301291974113
 40
0.3637698398318195
 40
0.42266091391278
 40
0.4826872940903924
 40
0.5433002212395592
 40
0.6041179553231033
 40
0.6649648912652846
 40
0.7274134941125654
 40
0.7914676251494238
 40
0.8580554427291003
 40
0.9270368146149476
 40
1.0
 40
1.0
 40
1.0
 40
1.0
 10
114.2386780157012
 20
233.4557795716051
 30
0.0
 10
114.4424277560379
 20
233.4605582511253
 30
0.0
 10
114.8412388823241
 20
233.4699118363544
 30
0.0
 10
115.4247074090691
 20
233.5463336894101
 30
0.0
 10
115.9767803446293
 20
233.6792625744912
 30
0.0
 10
116.5001236425973
 20
233.8637673032492
 30
0.0
 10
116.995230909923
 20
234.0980243022302
 30
0.0
 10
117.462613118233
 20
234.3842918259154
 30
0.0
 10
117.8961100793406
 20
234.7279421995625
 30
0.0
 10
118.2959246112495
 20
235.1204947624631
 30
0.0
 10
118.6649131317572
 20
235.5505388310215
 30
0.0
 10
118.9794673591514
 20
236.0254734201549
 30
0.0
 10
119.2440912186818
 20
236.5353597460397
 30
0.0
 10
119.4724589780836
 20
237.0740545536137
 30
0.0
 10
119.6364758161245
 20
237.6543712462194
 30
0.0
 10
119.7596141847614
 20
238.2648176640585
 30
0.0
 10
119.8308456739123
 20
238.9119857731592
 30
0.0
 10
119.8407290924105
 20
239.3544587670456
 30
0.0
 10
119.8458094259576
 20
239.5819013664769
 30
0.0
  0
SPLINE
  5
14A
330
1F
100
AcDbEntity
  8
0
  6
Continuous
 62
     7
370
    25
100
AcDbSpline
210
0.0
220
0.0
230
1.0
 70
     8
 71
     3
 72
    23
 73
    19
 74
     0
 42
0.00000001
 43
0.00000001
 40
0.0
 40
0.0
 40
0.0
 40
0.0
 40
0.0642072952829857
 40
0.1264246897797426
 40
0.1876802842649222
 40
0.2482164244552131
 40
0.308305060008613
 40
0.3696609913251434
 40
0.4316985517867806
 40
0.4959468922087642
 40
0.5597580239721197
 40
0.6222954078261588
 40
0.6839106352841738
 40
0.7450924080566245
 40
0.8067402253892928
 40
0.8690866181212022
 40
0.9332900029747996
 40
1.0
 40
1.0
 40
1.0
 40
1.0
 10
107.7970914772397
 20
239.9024542510923
 30
0.0
 10
107.803047979751
 20
239.6850415401782
 30
0.0
 10
107.8147763819341
 20
239.2569541334383
 30
0.0
 10
107.9050480696719
 20
238.6269514985805
 30
0.0
 10
108.0440773014471
 20
238.0187094972278
 30
0.0
 10
108.2521385347579
 20
237.4382298224628
 30
0.0
 10
108.505011634191
 20
236.8753546494451
 30
0.0
 10
108.8295153272548
 20
236.3443221440889
 30
0.0
 10
109.2029680325414
 20
235.8297698356967
 30
0.0
 10
109.630824719142
 20
235.3476913810011
 30
0.0
 10
110.1023190743788
 20
234.9061708063746
 30
0.0
 10
110.6065264438054
 20
234.5160549558599
 30
0.0
 10
111.1444029872879
 20
234.1911024984243
 30
0.0
 10
111.7066367251203
 20
233.91726067977
 30
0.0
 10
112.2993896829296
 20
233.7093195968858
 30
0.0
 10
112.9198839256095
 20
233.5609764760117
 30
0.0
 10
113.569652067679
 20
233.4738685634432
 30
0.0
 10
114.0128407729121
 20
233.4618857145038
 30
0.0
 10
114.2386780157012
 20
233.4557795716051
 30
0.0
  0
SPLINE
  5
14B
330
1F
100
AcDbEntity
  8
0
  6
Continuous
 62
     7
370
    25
100
AcDbSpline
210
0.0
220
0.0
230
1.0
 70
     8
 71
     3
 72
    19
 73
    15
 74
     0
 42
0.00000001
 43
0.00000001
 40
0.0
 40
0.0
 40
0.0
 40
0.0
 40
0.0946872518675539
 40
0.1819941557072746
 40
0.264376948610512
 40
0.3421798619477721
 40
0.4186176108621467
 40
0.4965090753719092
 40
0.577369091611732
 40
0.6615105924541981
 40
0.7467325508291968
 40
0.8312579843277427
 40
0.9152056162136547
 40
1.0
 40
1.0
 40
1.0
 40
1.0
 10
112.356065836214
 20
245.504497520323
 30
0.0
 10
112.1138481527295
 20
245.448410275263
 30
0.0
 10
111.6482923156587
 20
245.3406074759492
 30
0.0
 10
110.9941962956987
 20
245.103982899292
 30
0.0
 10
110.4113082153071
 20
244.8146705458614
 30
0.0
 10
109.8919175252648
 20
244.4706504173475
 30
0.0
 10
109.4390065164886
 20
244.0602587675332
 30
0.0
 10
109.0353855527117
 20
243.591959483221
 30
0.0
 10
108.6712574713061
 20
243.0669217205752
 30
0.0
 10
108.3677436750742
 20
242.4834965692023
 30
0.0
 10
108.108890436114
 20
241.8679959364202
 30
0.0
 10
107.9365209927505
 20
241.2237996123506
 30
0.0
 10
107.8153202275483
 20
240.5684480693889
 30
0.0
 10
107.8031880205878
 20
240.1251936113915
 30
0.0
 10
107.7970914772397
 20
239.9024542510923
 30
0.0
  0
LINE
  5
14C
330
1F
100
AcDbEntity
  8
0
  6
Continuous
 62
     7
370
    25
100
AcDbLine
 10
112.3560658362
 20
247.7839846998
 30
0.0
 11
112.3560658362
 21
245.5044975203
 31
0.0
  0
SPLINE
  5
14D
330
1F
100
AcDbEntity
  8
0
  6
Continuous
 62
     7
370
    25
100
AcDbSpline
210
0.0
220
0.0
230
1.0
 70
     8
 71
     3
 72
    23
 73
    19
 74
     0
 42
0.00000001
 43
0.00000001
 40
0.0
 40
0.0
 40
0.0
 40
0.0
 40
0.0654211437588925
 40
0.1287083718818826
 40
0.1902361418635384
 40
0.2507244020335386
 40
0.3106371794134438
 40
0.3707664082897266
 40
0.4316147444123526
 40
0.4935229735663539
 40
0.5558834553775333
 40
0.6173423673185097
 40
0.6786680390972752
 40
0.7407113595451477
 40
0.8029853625127445
 40
0.8668025802655176
 40
0.9323471713458875
 40
1.0
 40
1.0
 40
1.0
 40
1.0
 10
105.1919632721115
 20
240.034745917759
 30
0.0
 10
105.1969767820537
 20
240.2878328291407
 30
0.0
 10
105.2068402705988
 20
240.7857514291061
 30
0.0
 10
105.3100258492998
 20
241.5152435444254
 30
0.0
 10
105.4578096996914
 20
242.2171152543151
 30
0.0
 10
105.6801414865909
 20
242.8857165598575
 30
0.0
 10
105.958723568057
 20
243.5270394450327
 30
0.0
 10
106.3108123554809
 20
244.1324500255575
 30
0.0
 10
106.709803565531
 20
244.7174176574478
 30
0.0
 10
107.1806495556183
 20
245.2581621527156
 30
0.0
 10
107.6952947909399
 20
245.7600379476096
 30
0.0
 10
108.2537873868284
 20
246.2093023262686
 30
0.0
 10
108.8469096236819
 20
246.6094145688718
 30
0.0
 10
109.4775419418313
 20
246.9539673613051
 30
0.0
 10
110.1440272806359
 20
247.2478672874298
 30
0.0
 10
110.8488627728231
 20
247.4787532023521
 30
0.0
 10
111.5883656585548
 20
247.6651046925108
 30
0.0
 10
112.0974797055341
 20
247.7439420868249
 30
0.0
 10
112.356065836214
 20
247.7839846998102
 30
0.0
  0
SPLINE
  5
14E
330
1F
100
AcDbEntity
  8
0
  6
Continuous
 62
     7
370
    25
100
AcDbSpline
210
0.0
220
0.0
230
1.0
 70
     8
 71
     3
 72
    31
 73
    27
 74
     0
 42
0.00000001
 43
0.00000001
 40
0.0
 40
0.0
 40
0.0
 40
0.0
 40
0.0440144705761401
 40
0.0874341236677057
 40
0.1301183986578983
 40
0.1725536945581825
 40
0.2145547559681394
 40
0.2562980920971311
 40
0.2984382251332501
 40
0.3408490025880959
 40
0.3827151889670273
 40
0.4239240454075319
 40
0.4642462432504177
 40
0.504073671461796
 40
0.5438619058684915
 40
0.583566724979654
 40
0.6230943188523337
 40
0.6632290607685848
 40
0.7035512586114705
 40
0.7439378946861847
 40
0.7845412548000926
 40
0.8257501112405974
 40
0.8677573633885066
 40
0.9107451640323099
 40
0.954914446891478
 40
1.0
 40
1.0
 40
1.0
 40
1.0
 10
114.142003336214
 20
231.1762923921179
 30
0.0
 10
113.9350135085169
 20
231.1811189383875
 30
0.0
 10
113.523831141538
 20
231.1907068043303
 30
0.0
 10
112.9131846565647
 20
231.2394645546885
 30
0.0
 10
112.3154658107671
 20
231.3333408941257
 30
0.0
 10
111.7305953099948
 20
231.4593809490522
 30
0.0
 10
111.1596804376091
 20
231.6229744965733
 30
0.0
 10
110.601087063512
 20
231.8210150591787
 30
0.0
 10
110.0582919174331
 20
232.0633748016789
 30
0.0
 10
109.5261590506891
 20
232.3292139249865
 30
0.0
 10
109.0167184556188
 20
232.6285455084428
 30
0.0
 10
108.5402943818519
 20
232.9607666759884
 30
0.0
 10
108.0897398819689
 20
233.3117619551447
 30
0.0
 10
107.6698870767022
 20
233.6894337238991
 30
0.0
 10
107.2834948897073
 20
234.0972923741448
 30
0.0
 10
106.9282702182071
 20
234.5303984193697
 30
0.0
 10
106.5982057068647
 20
234.9852958660383
 30
0.0
 10
106.3066993761625
 20
235.4690224817389
 30
0.0
 10
106.0384539229393
 20
235.9707993581031
 30
0.0
 10
105.8183916805629
 20
236.4978727053511
 30
0.0
 10
105.6216467053178
 20
237.0382446458142
 30
0.0
 10
105.4648232763651
 20
237.599692600131
 30
0.0
 10
105.3419413092819
 20
238.1809448402568
 30
0.0
 10
105.2584798077669
 20
238.7829594966125
 30
0.0
 10
105.1976908044115
 20
239.4025792162134
 30
0.0
 10
105.1938854711126
 20
239.8225864503645
 30
0.0
 10
105.1919632721115
 20
240.034745917759
 30
0.0
  0
SPLINE
  5
14F
330
1F
100
AcDbEntity
  8
0
  6
Continuous
 62
     7
370
    25
100
AcDbSpline
210
0.0
220
0.0
230
1.0
 70
     8
 71
     3
 72
    23
 73
    19
 74
     0
 42
0.00000001
 43
0.00000001
 40
0.0
 40
0.0
 40
0.0
 40
0.0
 40
0.0658076458106949
 40
0.1293942736680556
 40
0.1908940606321903
 40
0.2512810689298356
 40
0.3108149644652731
 40
0.370370987448245
 40
0.4307682625897268
 40
0.4928812506175025
 40
0.5551039481552501
 40
0.6160670509938428
 40
0.677256033174654
 40
0.7382598051991166
 40
0.800762134376296
 40
0.8647775815744847
 40
0.9310452949994038
 40
0.9999999999999999
 40
0.9999999999999999
 40
0.9999999999999999
 40
0.9999999999999999
 10
122.4509376310858
 20
239.1697619434
 30
0.0
 10
122.4447985549019
 20
238.8861256609171
 30
0.0
 10
122.4327275972794
 20
238.3284258631862
 30
0.0
 10
122.3168176041693
 20
237.5124403621467
 30
0.0
 10
122.1343736522812
 20
236.7335102227924
 30
0.0
 10
121.8794990088206
 20
235.9932644506554
 30
0.0
 10
121.5535826593531
 20
235.2903335974592
 30
0.0
 10
121.1464573778993
 20
234.6311850084291
 30
0.0
 10
120.6708726318418
 20
234.0059247256104
 30
0.0
 10
120.1240831164777
 20
233.4257699009144
 30
0.0
 10
119.522309097762
 20
232.8994506359425
 30
0.0
 10
118.8752776907608
 20
232.4366917395021
 30
0.0
 10
118.1892769426984
 20
232.0436260841511
 30
0.0
 10
117.4577525249982
 20
231.7274994630479
 30
0.0
 10
116.6887918116772
 20
231.4750645800168
 30
0.0
 10
115.8743039268695
 20
231.3070472460074
 30
0.0
 10
115.0219661416295
 20
231.1951659866884
 30
0.0
 10
114.439184404498
 20
231.182666383112
 30
0.0
 10
114.142003336214
 20
231.1762923921179
 30
0.0
  0
SPLINE
  5
150
330
1F
100
AcDbEntity
  8
0
  6
Continuous
 62
     7
370
    25
100
AcDbSpline
210
0.0
220
0.0
230
1.0
 70
     8
 71
     3
 72
    11
 73
     7
 74
     0
 42
0.00000001
 43
0.00000001
 40
0.0
 40
0.0
 40
0.0
 40
0.0
 40
0.2750683690187428
 40
0.532901460089936
 40
0.7739734595924447
 40
1.0
 40
1.0
 40
1.0
 40
1.0
 10
121.9573879515987
 20
242.1615888664769
 30
0.0
 10
122.0316304955931
 20
241.8926690924509
 30
0.0
 10
122.1754636823625
 20
241.3716795626959
 30
0.0
 10
122.3351627020508
 20
240.6027137145591
 30
0.0
 10
122.4314319246394
 20
239.8727017236554
 30
0.0
 10
122.444576863785
 20
239.3989890355334
 30
0.0
 10
122.4509376310858
 20
239.1697619434
 30
0.0
  0
LINE
  5
151
330
1F
100
AcDbEntity
  8
0
  6
Continuous
 62
     7
370
    25
100
AcDbLine
 10
128.6381171183
 20
240.7877907896
 30
0.0
 11
121.9573879516
 21
242.1615888665
 31
0.0
  0
LINE
  5
152
330
1F
100
AcDbEntity
  8
0
  6
Continuous
 62
     7
370
    25
100
AcDbLine
 10
128.6381171183
 20
232.153215469
 30
0.0
 11
128.6381171183
 21
240.7877907896
 31
0.0
  0
LINE
  5
153
330
1F
100
AcDbEntity
  8
0
  6
Continuous
 62
     7
370
    25
100
AcDbLine
 10
131.2432453234
 20
232.153215469
 30
0.0
 11
128.6381171183
 21
232.153215469
 31
0.0
  0
LINE
  5
154
330
1F
100
AcDbEntity
  8
0
  6
Continuous
 62
     7
370
    25
100
AcDbLine
 10
131.2432453234
 20
242.5737282896
 30
0.0
 11
131.2432453234
 21
232.153215469
 31
0.0
  0
LINE
  5
155
330
1F
100
AcDbEntity
  8
0
  6
Continuous
 62
     7
370
    25
100
AcDbLine
 10
118.5432453234
 20
245.1788564947
 30
0.0
 11
131.2432453234
 21
242.5737282896
 31
0.0
  0
SPLINE
  5
156
330
1F
100
AcDbEntity
  8
0
  6
Continuous
 62
     7
370
    25
100
AcDbSpline
210
0.0
220
0.0
230
1.0
 70
     8
 71
     3
 72
    31
 73
    27
 74
     0
 42
0.00000001
 43
0.00000001
 40
0.0
 40
0.0
 40
0.0
 40
0.0
 40
0.0337881161627104
 40
0.0671939323738801
 40
0.0998624108568252
 40
0.1325666121262583
 40
0.1651511732547863
 40
0.197913187355792
 40
0.2313190035669618
 40
0.2650832782673734
 40
0.299255308758115
 40
0.3343985665049786
 40
0.3699428235093078
 40
0.4062835607000611
 40
0.4440638196985084
 40
0.4829977068727755
 40
0.5233544466133045
 40
0.5655365896041492
 40
0.6096129240658195
 40
0.6563908113764172
 40
0.7058854949364574
 40
0.7583245002617311
 40
0.8138317829411501
 40
0.87279455903939
 40
0.9347222295400741
 40
1.0
 40
1.0
 40
1.0
 40
1.0
 10
131.8945273746756
 20
220.0790568151949
 30
0.0
 10
131.8909872302579
 20
219.8770507713371
 30
0.0
 10
131.8839469968383
 20
219.4753243067798
 30
0.0
 10
131.8162818138728
 20
218.881397012138
 30
0.0
 10
131.704005663398
 20
218.3011907505521
 30
0.0
 10
131.5449220192838
 20
217.7371791153896
 30
0.0
 10
131.3475591086697
 20
217.1847292135949
 30
0.0
 10
131.1001840302203
 20
216.6481621409665
 30
0.0
 10
130.8122288214919
 20
216.1241450341928
 30
0.0
 10
130.4738726833238
 20
215.6210052333341
 30
0.0
 10
130.0966298789244
 20
215.1332191676797
 30
0.0
 10
129.6701807967516
 20
214.6727682363965
 30
0.0
 10
129.1988314054876
 20
214.239610527312
 30
0.0
 10
128.6876247361391
 20
213.828309739652
 30
0.0
 10
128.1267558347754
 20
213.4505348342631
 30
0.0
 10
127.5259797235527
 20
213.0907733546117
 30
0.0
 10
126.8747900190491
 20
212.7687591512111
 30
0.0
 10
126.1840517667169
 20
212.4586275084864
 30
0.0
 10
125.4346526428057
 20
212.1909333761502
 30
0.0
 10
124.6308169521887
 20
211.9495154818883
 30
0.0
 10
123.7630499961673
 20
211.7544509670873
 30
0.0
 10
122.8359046731685
 20
211.591968819262
 30
0.0
 10
121.8459760805114
 20
211.4660944315424
 30
0.0
 10
120.7953862479403
 20
211.3744175433152
 30
0.0
 10
119.683443984433
 20
211.3259900118724
 30
0.0
 10
118.9232013075474
 20
211.3168699516868
 30
0.0
 10
118.5330690413423
 20
211.3121898280154
 30
0.0
  0
SPLINE
  5
157
330
1F
100
AcDbEntity
  8
0
  6
Continuous
 62
     7
370
    25
100
AcDbSpline
210
0.0
220
0.0
230
1.0
 70
     8
 71
     3
 72
    31
 73
    27
 74
     0
 42
0.00000001
 43
0.00000001
 40
0.0
 40
0.0
 40
0.0
 40
0.0
 40
0.0685946222587424
 40
0.1332460424433009
 40
0.1943125864682562
 40
0.2512792231169662
 40
0.3045134392563467
 40
0.3542349066533249
 40
0.4004805887739888
 40
0.4434107549384918
 40
0.484014868616345
 40
0.523252300773203
 40
0.56104237272836
 40
0.5979002393643998
 40
0.6335184888561955
 40
0.6683143511696513
 40
0.7024956712863817
 40
0.7366853535134584
 40
0.7702931693607888
 40
0.803437255019249
 40
0.8359129516660286
 40
0.8684602457892908
 40
0.9008465382431826
 40
0.9334665246307077
 40
0.9662575752981231
 40
1.0
 40
1.0
 40
1.0
 40
1.0
 10
118.5330690413423
 20
228.5711641869897
 30
0.0
 10
118.9401757980422
 20
228.5687837123612
 30
0.0
 10
119.7309865408667
 20
228.5641596060839
 30
0.0
 10
120.8833093718657
 20
228.5127179226745
 30
0.0
 10
121.964335469145
 20
228.427262581316
 30
0.0
 10
122.9741165769668
 20
228.3101513612026
 30
0.0
 10
123.9129133823239
 20
228.1676357332943
 30
0.0
 10
124.7782170483987
 20
227.977386201959
 30
0.0
 10
125.5740324792478
 20
227.7610304344104
 30
0.0
 10
126.3029547739023
 20
227.5102783990999
 30
0.0
 10
126.9748043901203
 20
227.2273384445097
 30
0.0
 10
127.6020044223665
 20
226.9193869524124
 30
0.0
 10
128.1836058742037
 20
226.5742024443098
 30
0.0
 10
128.7288915532513
 20
226.2115128476389
 30
0.0
 10
129.2289355097443
 20
225.8166366706827
 30
0.0
 10
129.6907994034502
 20
225.4008111627204
 30
0.0
 10
130.1038088496732
 20
224.9478066892389
 30
0.0
 10
130.4800648726964
 20
224.4730225720545
 30
0.0
 10
130.8098981814013
 20
223.9721602304689
 30
0.0
 10
131.1004214844986
 20
223.4594963104582
 30
0.0
 10
131.3486148068823
 20
222.9315021136752
 30
0.0
 10
131.5437625414058
 20
222.3867361006444
 30
0.0
 10
131.7049498294128
 20
221.8300946805307
 30
0.0
 10
131.8151781923336
 20
221.2596319679711
 30
0.0
 10
131.8845340425138
 20
220.6744060696903
 30
0.0
 10
131.8911646598283
 20
220.2793893714409
 30
0.0
 10
131.8945273746756
 20
220.0790568151949
 30
0.0
  0
SPLINE
  5
158
330
1F
100
AcDbEntity
  8
0
  6
Continuous
 62
     7
370
    25
100
AcDbSpline
210
0.0
220
0.0
230
1.0
 70
     8
 71
     3
 72
    31
 73
    27
 74
     0
 42
0.00000001
 43
0.00000001
 40
0.0
 40
0.0
 40
0.0
 40
0.0
 40
0.0337871463469911
 40
0.0666216577242939
 40
0.0992848780959722
 40
0.1313611650426506
 40
0.1635851875953432
 40
0.1961039269870679
 40
0.2289022543238168
 40
0.2621580559050073
 40
0.2959912222583163
 40
0.3302178457247998
 40
0.3650598258919538
 40
0.4009507373401076
 40
0.4376203820767376
 40
0.4757075294370919
 40
0.5153806916250483
 40
0.5564135414931642
 40
0.5997648298727309
 40
0.6464241555840872
 40
0.6964314445175667
 40
0.7497815178015574
 40
0.8065733069755322
 40
0.8674355315653993
 40
0.931886753250874
 40
1.0
 40
1.0
 40
1.0
 40
1.0
 10
105.1919632721115
 20
220.0790568151949
 30
0.0
 10
105.1953476802983
 20
220.2793838138307
 30
0.0
 10
105.2020210726441
 20
220.6743895535575
 30
0.0
 10
105.2710635811584
 20
221.2596957267467
 30
0.0
 10
105.3820652330423
 20
221.8278026019966
 30
0.0
 10
105.5374885884462
 20
222.3815135598695
 30
0.0
 10
105.7277334005639
 20
222.9236694121911
 30
0.0
 10
105.9755915615684
 20
223.4468824639218
 30
0.0
 10
106.2610445191346
 20
223.9569702255626
 30
0.0
 10
106.5861312918581
 20
224.4525718035224
 30
0.0
 10
106.9585800779899
 20
224.9243743436401
 30
0.0
 10
107.3705266301718
 20
225.3750327936319
 30
0.0
 10
107.832250815016
 20
225.7932257893642
 30
0.0
 10
108.3364620284262
 20
226.1824560832728
 30
0.0
 10
108.8785215584982
 20
226.5523823233219
 30
0.0
 10
109.465830322885
 20
226.8926652039816
 30
0.0
 10
110.0960595532953
 20
227.2074136877898
 30
0.0
 10
110.7732809621945
 20
227.4951121629271
 30
0.0
 10
111.507376724377
 20
227.7501910352925
 30
0.0
 10
112.3067450483665
 20
227.9755086884585
 30
0.0
 10
113.1784413790227
 20
228.1534114312412
 30
0.0
 10
114.1154645574446
 20
228.305687735657
 30
0.0
 10
115.1218410808162
 20
228.4285104011726
 30
0.0
 10
116.1981172996582
 20
228.512361790626
 30
0.0
 10
117.3436225301508
 20
228.5641873340283
 30
0.0
 10
118.1293517494771
 20
228.5687961307915
 30
0.0
 10
118.5330690413423
 20
228.5711641869897
 30
0.0
  0
SPLINE
  5
159
330
1F
100
AcDbEntity
  8
0
  6
Continuous
 62
     7
370
    25
100
AcDbSpline
210
0.0
220
0.0
230
1.0
 70
     8
 71
     3
 72
    31
 73
    27
 74
     0
 42
0.00000001
 43
0.00000001
 40
0.0
 40
0.0
 40
0.0
 40
0.0
 40
0.0650632896172791
 40
0.1267731664665229
 40
0.1855157632260791
 40
0.240764679167715
 40
0.2929797960235981
 40
0.3422503727797674
 40
0.3889192861856604
 40
0.4327756640583103
 40
0.4746284326311178
 40
0.5147746906379534
 40
0.5536058934984426
 40
0.5914264064311731
 40
0.6280281199460672
 40
0.6638036341103205
 40
0.6989843361316637
 40
0.7335914893067054
 40
0.7676284691511396
 40
0.8012083477865919
 40
0.8342638397266232
 40
0.8669806947287763
 40
0.8997197415181606
 40
0.9327019124985383
 40
0.9661758834327495
 40
1.0
 40
1.0
 40
1.0
 40
1.0
 10
118.5330690413423
 20
211.3121898280154
 30
0.0
 10
118.1446383951425
 20
211.3169184701341
 30
0.0
 10
117.3877971216528
 20
211.3261320364633
 30
0.0
 10
116.2808580436177
 20
211.3738746512918
 30
0.0
 10
115.235843672251
 20
211.4679172889889
 30
0.0
 10
114.2502477446935
 20
211.5855554898583
 30
0.0
 10
113.3281724537343
 20
211.7484853354369
 30
0.0
 10
112.46642702771
 20
211.9488199705176
 30
0.0
 10
111.6612900504809
 20
212.1712537418527
 30
0.0
 10
110.9193574176544
 20
212.4458262476781
 30
0.0
 10
110.2302792002928
 20
212.7463496884837
 30
0.0
 10
109.5868090381287
 20
213.0733216835851
 30
0.0
 10
108.9832593712536
 20
213.4236227071783
 30
0.0
 10
108.4244612078103
 20
213.8052667423431
 30
0.0
 10
107.9064560964815
 20
214.2120543695401
 30
0.0
 10
107.4383876349532
 20
214.6526920367806
 30
0.0
 10
107.0089776155636
 20
215.1147585686635
 30
0.0
 10
106.6268772334096
 20
215.6039801007157
 30
0.0
 10
106.29243322262
 20
216.1149667868004
 30
0.0
 10
105.9933384226627
 20
216.6371840879125
 30
0.0
 10
105.7521640071581
 20
217.1798977842042
 30
0.0
 10
105.5450811383481
 20
217.7308089268698
 30
0.0
 10
105.3868721446601
 20
218.2977976409612
 30
0.0
 10
105.2774790217392
 20
218.8801571619645
 30
0.0
 10
105.2007576072388
 20
219.4749252741327
 30
0.0
 10
105.1949048675723
 20
219.8769823464367
 30
0.0
 10
105.1919632721115
 20
220.0790568151949
 30
0.0
  0
CIRCLE
  5
15A
330
1F
100
AcDbEntity
  8
0
  6
Continuous
 62
     7
370
    25
100
AcDbCircle
 10
117.56
 20
228.6832346241
 30
0.0
 40
49.99999999999997
  0
SPLINE
  5
15B
330
1F
100
AcDbEntity
  8
0
  6
Continuous
 62
     7
370
    25
100
AcDbSpline
210
0.0
220
0.0
230
1.0
 70
     8
 71
     3
 72
    15
 73
    11
 74
     0
 42
0.00000001
 43
0.00000001
 40
0.0
 40
0.0
 40
0.0
 40
0.0
 40
0.1105883385953361
 40
0.2245417540535959
 40
0.3425034940501039
 40
0.4643240984173579
 40
0.5907560327017664
 40
0.7222274753555145
 40
0.8588428362087245
 40
1.0
 40
1.0
 40
1.0
 40
1.0
 10
112.157628336214
 20
214.5533356613487
 30
0.0
 10
112.3842670169125
 20
214.4767599750739
 30
0.0
 10
112.8444407345651
 20
214.3212784918327
 30
0.0
 10
113.5582798096635
 20
214.1208959014107
 30
0.0
 10
114.3072370108131
 20
213.9630864329039
 30
0.0
 10
115.0868364292841
 20
213.8211122928938
 30
0.0
 10
115.9028274023352
 20
213.7242072586673
 30
0.0
 10
116.7526851598952
 20
213.6462088422688
 30
0.0
 10
117.6370504744039
 20
213.6002661427668
 30
0.0
 10
118.2379055533637
 20
213.5945710921349
 30
0.0
 10
118.5432453233935
 20
213.5916770075025
 30
0.0
  0
SPLINE
  5
15C
330
1F
100
AcDbEntity
  8
0
  6
Continuous
 62
     7
370
    25
100
AcDbSpline
210
0.0
220
0.0
230
1.0
 70
     8
 71
     3
 72
    19
 73
    15
 74
     0
 42
0.00000001
 43
0.00000001
 40
0.0
 40
0.0
 40
0.0
 40
0.0
 40
0.1128134007444585
 40
0.2253938839207294
 40
0.3395948145627009
 40
0.4596754102248634
 40
0.5217351900879332
 40
0.583925838738916
 40
0.6481741447653696
 40
0.7138810381130662
 40
0.7810044549073892
 40
0.851450927556555
 40
0.9240506926641777
 40
1.0
 40
1.0
 40
1.0
 40
1.0
 10
107.7970914772397
 20
220.0027346998102
 30
0.0
 10
107.8086868008435
 20
219.7214647397943
 30
0.0
 10
107.8318535080355
 20
219.1595055372538
 30
0.0
 10
108.0553643449799
 20
218.3384774239206
 30
0.0
 10
108.3926004313734
 20
217.5414234638951
 30
0.0
 10
108.7913623278446
 20
216.9167870972997
 30
0.0
 10
109.1711164901482
 20
216.4415709244607
 30
0.0
 10
109.4948913664762
 20
216.1010876248349
 30
0.0
 10
109.8574282320713
 20
215.7885801876336
 30
0.0
 10
110.2485831224252
 20
215.4921834158316
 30
0.0
 10
110.6758291504293
 20
215.2203375523624
 30
0.0
 10
111.1371118395026
 20
214.9731364959458
 30
0.0
 10
111.6337121592083
 20
214.7475602023323
 30
0.0
 10
111.9803839802203
 20
214.6190431260076
 30
0.0
 10
112.157628336214
 20
214.5533356613487
 30
0.0
  0
SPLINE
  5
15D
330
1F
100
AcDbEntity
  8
0
  6
Continuous
 62
     7
370
    25
100
AcDbSpline
210
0.0
220
0.0
230
1.0
 70
     8
 71
     3
 72
    27
 73
    23
 74
     0
 42
0.00000001
 43
0.00000001
 40
0.0
 40
0.0
 40
0.0
 40
0.0
 40
0.0729510658758665
 40
0.1415836941865451
 40
0.2059264601708671
 40
0.2653013571846055
 40
0.3205972327139283
 40
0.3718165030988105
 40
0.4187897697094522
 40
0.4616987286157647
 40
0.5021335821035657
 40
0.5408043152926482
 40
0.5781805253279664
 40
0.6142968652075148
 40
0.6496782432647874
 40
0.6842994600896377
 40
0.7183589527723611
 40
0.7520808646475969
 40
0.8176524386023857
 40
0.8797220764054373
 40
0.9399655597309876
 40
1.0
 40
1.0
 40
1.0
 40
1.0
 10
118.5432453233935
 20
226.2916770075026
 30
0.0
 10
118.2039833377884
 20
226.2908101630697
 30
0.0
 10
117.545542441246
 20
226.2891277882393
 30
0.0
 10
116.588737061592
 20
226.2451770754789
 30
0.0
 10
115.696323818176
 20
226.1853039632541
 30
0.0
 10
114.8671695821148
 20
226.1080785493962
 30
0.0
 10
114.1040809199008
 20
225.9933942943788
 30
0.0
 10
113.4018095056566
 20
225.8648936056447
 30
0.0
 10
112.7640718420307
 20
225.7085160409796
 30
0.0
 10
112.1864917300607
 20
225.5234950541733
 30
0.0
 10
111.6592670615516
 20
225.312754179575
 30
0.0
 10
111.1686753860561
 20
225.0826601975123
 30
0.0
 10
110.708921333065
 20
224.8354766655737
 30
0.0
 10
110.2841345751499
 20
224.5588405444178
 30
0.0
 10
109.8929298415926
 20
224.2575597998417
 30
0.0
 10
109.5283830013108
 20
223.9384395763867
 30
0.0
 10
109.2032849081896
 20
223.5895699650296
 30
0.0
 10
108.8133814459758
 20
223.1069428048589
 30
0.0
 10
108.4104711611952
 20
222.4697912475883
 30
0.0
 10
108.0596166807028
 20
221.667002801054
 30
0.0
 10
107.8391268540226
 20
220.8420946139311
 30
0.0
 10
107.8110870250911
 20
220.2821969704431
 30
0.0
 10
107.7970914772397
 20
220.0027346998102
 30
0.0
  0
SPLINE
  5
15E
330
1F
100
AcDbEntity
  8
0
  6
Continuous
 62
     7
370
    25
100
AcDbSpline
210
0.0
220
0.0
230
1.0
 70
     8
 71
     3
 72
    27
 73
    23
 74
     0
 42
0.00000001
 43
0.00000001
 40
0.0
 40
0.0
 40
0.0
 40
0.0
 40
0.0656811979906388
 40
0.1284864641740649
 40
0.1881751303280078
 40
0.2451061306699863
 40
0.2994484245294755
 40
0.350822936009382
 40
0.3999416805337775
 40
0.4466717436323721
 40
0.491254533373498
 40
0.5333763442704362
 40
0.5738527549682235
 40
0.6125263117194528
 40
0.6495971364453291
 40
0.6855320415538498
 40
0.7201057860682004
 40
0.7538376629736497
 40
0.8189254160467137
 40
0.8804934616501637
 40
0.940311333846057
 40
1.0
 40
1.0
 40
1.0
 40
1.0
 10
118.5432453233935
 20
213.5916770075025
 30
0.0
 10
118.8485357068102
 20
213.5956698093644
 30
0.0
 10
119.4457489597892
 20
213.6034805833618
 30
0.0
 10
120.3203666137372
 20
213.6333363798214
 30
0.0
 10
121.1510755071922
 20
213.7104331775633
 30
0.0
 10
121.9414543659561
 20
213.7960610687514
 30
0.0
 10
122.6871279912973
 20
213.9223151875341
 30
0.0
 10
123.3943387780145
 20
214.0584432717511
 30
0.0
 10
124.0543253009892
 20
214.2413320695144
 30
0.0
 10
124.6774205511249
 20
214.4366927221828
 30
0.0
 10
125.2565453009307
 20
214.6602881640395
 30
0.0
 10
125.7943996362431
 20
214.9064194926515
 30
0.0
 10
126.2935802101925
 20
215.1692859705753
 30
0.0
 10
126.7527174433478
 20
215.4547982299082
 30
0.0
 10
127.1738678976172
 20
215.7595669012962
 30
0.0
 10
127.5485875266886
 20
216.0916359726157
 30
0.0
 10
127.8884900952477
 20
216.4378334210144
 30
0.0
 10
128.276475596873
 20
216.9227352838489
 30
0.0
 10
128.6720747583794
 20
217.5575487012575
 30
0.0
 10
129.036134844223
 20
218.3474571133998
 30
0.0
 10
129.2452007392433
 20
219.1694783602508
 30
0.0
 10
129.27467698232
 20
219.7251828556616
 30
0.0
 10
129.2893991695474
 20
220.0027346998102
 30
0.0
  0
SPLINE
  5
15F
330
1F
100
AcDbEntity
  8
0
  6
Continuous
 62
     7
370
    25
100
AcDbSpline
210
0.0
220
0.0
230
1.0
 70
     8
 71
     3
 72
    27
 73
    23
 74
     0
 42
0.00000001
 43
0.00000001
 40
0.0
 40
0.0
 40
0.0
 40
0.0
 40
0.0603866193110621
 40
0.1208832485859962
 40
0.1827546186251397
 40
0.2478110297583511
 40
0.2812991000432489
 40
0.3150876241506572
 40
0.3497023955502753
 40
0.3848565811185556
 40
0.4209661972261025
 40
0.458511188261139
 40
0.4971747221273121
 40
0.5376020478662696
 40
0.5805030184200115
 40
0.6274675400267047
 40
0.6783882095592434
 40
0.7339832205925604
 40
0.7937467045508348
 40
0.8577136721607321
 40
0.926697864361386
 40
1.0
 40
1.0
 40
1.0
 40
1.0
 10
129.2893991695474
 20
220.0027346998102
 30
0.0
 10
129.2746566710216
 20
220.2836629966688
 30
0.0
 10
129.2451448166671
 20
220.8460313744887
 30
0.0
 10
129.0369137763167
 20
221.6765965316486
 30
0.0
 10
128.673962537798
 20
222.472736683567
 30
0.0
 10
128.2751653204811
 20
223.1058714140935
 30
0.0
 10
127.8953387174474
 20
223.5911114647487
 30
0.0
 10
127.565962736566
 20
223.9327972966828
 30
0.0
 10
127.2056727763162
 20
224.2531723750627
 30
0.0
 10
126.810870308545
 20
224.548303684633
 30
0.0
 10
126.3865787857148
 20
224.8247230540854
 30
0.0
 10
125.9294603217086
 20
225.0785852596348
 30
0.0
 10
125.43719842133
 20
225.3073110235696
 30
0.0
 10
124.9102105757174
 20
225.5183816575628
 30
0.0
 10
124.3326802932423
 20
225.7039670335245
 30
0.0
 10
123.6957281683069
 20
225.8570489381079
 30
0.0
 10
122.9956904393225
 20
225.9984692664637
 30
0.0
 10
122.2284688673774
 20
226.0985835036277
 30
0.0
 10
121.399106954355
 20
226.1875833311556
 30
0.0
 10
120.5044658449192
 20
226.244779399152
 30
0.0
 10
119.5460557699993
 20
226.2892748105001
 30
0.0
 10
118.8842104482944
 20
226.2908602375898
 30
0.0
 10
118.5432453233935
 20
226.2916770075026
 30
0.0
  0
LINE
  5
160
330
1F
100
AcDbEntity
  8
0
  6
Continuous
 62
     7
370
    25
100
AcDbLine
 10
223.0201872944
 20
512.3181258573
 30
0.0
 11
245.8150590892
 21
512.3181258573
 31
0.0
  0
LINE
  5
161
330
1F
100
AcDbEntity
  8
0
  6
Continuous
 62
     7
370
    25
100
AcDbLine
 10
223.0201872944
 20
510.0386386778
 30
0.0
 11
223.0201872944
 21
512.3181258573
 31
0.0
  0
LINE
  5
162
330
1F
100
AcDbEntity
  8
0
  6
Continuous
 62
     7
370
    25
100
AcDbLine
 10
248.4201872944
 20
510.0386386778
 30
0.0
 11
223.0201872944
 21
510.0386386778
 31
0.0
  0
LINE
  5
163
330
1F
100
AcDbEntity
  8
0
  6
Continuous
 62
     7
370
    25
100
AcDbLine
 10
248.4201872944
 20
514.7349928445
 30
0.0
 11
248.4201872944
 21
510.0386386778
 31
0.0
  0
LINE
  5
164
330
1F
100
AcDbEntity
  8
0
  6
Continuous
 62
     7
370
    25
100
AcDbLine
 10
245.8150590892
 20
516.225818165
 30
0.0
 11
248.4201872944
 21
514.7349928445
 31
0.0
  0
LINE
  5
165
330
1F
100
AcDbEntity
  8
0
  6
Continuous
 62
     7
370
    25
100
AcDbLine
 10
245.8150590892
 20
512.3181258573
 30
0.0
 11
245.8150590892
 21
516.225818165
 31
0.0
  0
SPLINE
  5
166
330
1F
100
AcDbEntity
  8
0
  6
Continuous
 62
     7
370
    25
100
AcDbSpline
210
0.0
220
0.0
230
1.0
 70
     8
 71
     3
 72
    31
 73
    27
 74
     0
 42
0.00000001
 43
0.00000001
 40
0.0
 40
0.0
 40
0.0
 40
0.0
 40
0.0337881161627104
 40
0.0671939323738801
 40
0.0998624108568252
 40
0.1325666121262583
 40
0.1651511732547863
 40
0.197913187355792
 40
0.2313190035669618
 40
0.2650832782673734
 40
0.299255308758115
 40
0.3343985665049786
 40
0.3699428235093078
 40
0.4062835607000611
 40
0.4440638196985084
 40
0.4829977068727755
 40
0.5233544466133045
 40
0.5655365896041492
 40
0.6096129240658195
 40
0.6563908113764172
 40
0.7058854949364574
 40
0.7583245002617311
 40
0.8138317829411501
 40
0.87279455903939
 40
0.9347222295400741
 40
1.0
 40
1.0
 40
1.0
 40
1.0
 10
249.0714693456377
 20
492.1029415624397
 30
0.0
 10
249.06792920122
 20
491.9009355185819
 30
0.0
 10
249.0608889678004
 20
491.4992090540247
 30
0.0
 10
248.993223784835
 20
490.9052817593829
 30
0.0
 10
248.8809476343601
 20
490.3250754977969
 30
0.0
 10
248.7218639902459
 20
489.7610638626346
 30
0.0
 10
248.5245010796318
 20
489.2086139608398
 30
0.0
 10
248.2771260011824
 20
488.6720468882114
 30
0.0
 10
247.989170792454
 20
488.1480297814377
 30
0.0
 10
247.6508146542859
 20
487.644889980579
 30
0.0
 10
247.2735718498865
 20
487.1571039149246
 30
0.0
 10
246.8471227677138
 20
486.6966529836413
 30
0.0
 10
246.3757733764498
 20
486.263495274557
 30
0.0
 10
245.8645667071012
 20
485.8521944868968
 30
0.0
 10
245.3036978057376
 20
485.4744195815081
 30
0.0
 10
244.7029216945149
 20
485.1146581018566
 30
0.0
 10
244.0517319900113
 20
484.792643898456
 30
0.0
 10
243.3609937376791
 20
484.4825122557313
 30
0.0
 10
242.6115946137679
 20
484.214818123395
 30
0.0
 10
241.8077589231509
 20
483.9734002291332
 30
0.0
 10
240.9399919671295
 20
483.7783357143322
 30
0.0
 10
240.0128466441307
 20
483.6158535665069
 30
0.0
 10
239.0229180514735
 20
483.4899791787873
 30
0.0
 10
237.9723282189025
 20
483.3983022905601
 30
0.0
 10
236.8603859553952
 20
483.3498747591172
 30
0.0
 10
236.1001432785095
 20
483.3407546989317
 30
0.0
 10
235.7100110123044
 20
483.3360745752602
 30
0.0
  0
SPLINE
  5
167
330
1F
100
AcDbEntity
  8
0
  6
Continuous
 62
     7
370
    25
100
AcDbSpline
210
0.0
220
0.0
230
1.0
 70
     8
 71
     3
 72
    31
 73
    27
 74
     0
 42
0.00000001
 43
0.00000001
 40
0.0
 40
0.0
 40
0.0
 40
0.0
 40
0.0685946222587424
 40
0.1332460424433009
 40
0.1943125864682562
 40
0.2512792231169662
 40
0.3045134392563467
 40
0.3542349066533249
 40
0.4004805887739888
 40
0.4434107549384918
 40
0.484014868616345
 40
0.523252300773203
 40
0.56104237272836
 40
0.5979002393643998
 40
0.6335184888561955
 40
0.6683143511696513
 40
0.7024956712863817
 40
0.7366853535134584
 40
0.7702931693607888
 40
0.803437255019249
 40
0.8359129516660286
 40
0.8684602457892908
 40
0.9008465382431826
 40
0.9334665246307077
 40
0.9662575752981231
 40
1.0
 40
1.0
 40
1.0
 40
1.0
 10
235.7100110123044
 20
500.5950489342346
 30
0.0
 10
236.1171177690044
 20
500.5926684596062
 30
0.0
 10
236.9079285118289
 20
500.5880443533288
 30
0.0
 10
238.0602513428279
 20
500.5366026699194
 30
0.0
 10
239.1412774401072
 20
500.451147328561
 30
0.0
 10
240.1510585479289
 20
500.3340361084475
 30
0.0
 10
241.089855353286
 20
500.1915204805392
 30
0.0
 10
241.9551590193608
 20
500.0012709492039
 30
0.0
 10
242.7509744502099
 20
499.7849151816553
 30
0.0
 10
243.4798967448645
 20
499.5341631463448
 30
0.0
 10
244.1517463610824
 20
499.2512231917545
 30
0.0
 10
244.7789463933286
 20
498.9432716996573
 30
0.0
 10
245.3605478451659
 20
498.5980871915547
 30
0.0
 10
245.9058335242135
 20
498.2353975948838
 30
0.0
 10
246.4058774807064
 20
497.8405214179276
 30
0.0
 10
246.8677413744123
 20
497.4246959099653
 30
0.0
 10
247.2807508206353
 20
496.9716914364839
 30
0.0
 10
247.6570068436585
 20
496.4969073192994
 30
0.0
 10
247.9868401523634
 20
495.9960449777138
 30
0.0
 10
248.2773634554607
 20
495.4833810577031
 30
0.0
 10
248.5255567778445
 20
494.95538686092
 30
0.0
 10
248.720704512368
 20
494.4106208478893
 30
0.0
 10
248.8818918003749
 20
493.8539794277756
 30
0.0
 10
248.9921201632958
 20
493.283516715216
 30
0.0
 10
249.0614760134759
 20
492.6982908169352
 30
0.0
 10
249.0681066307905
 20
492.3032741186858
 30
0.0
 10
249.0714693456377
 20
492.1029415624397
 30
0.0
  0
SPLINE
  5
168
330
1F
100
AcDbEntity
  8
0
  6
Continuous
 62
     7
370
    25
100
AcDbSpline
210
0.0
220
0.0
230
1.0
 70
     8
 71
     3
 72
    31
 73
    27
 74
     0
 42
0.00000001
 43
0.00000001
 40
0.0
 40
0.0
 40
0.0
 40
0.0
 40
0.0337871463469911
 40
0.0666216577242939
 40
0.0992848780959722
 40
0.1313611650426506
 40
0.1635851875953432
 40
0.1961039269870679
 40
0.2289022543238168
 40
0.2621580559050073
 40
0.2959912222583163
 40
0.3302178457247998
 40
0.3650598258919538
 40
0.4009507373401076
 40
0.4376203820767376
 40
0.4757075294370919
 40
0.5153806916250483
 40
0.5564135414931642
 40
0.5997648298727309
 40
0.6464241555840872
 40
0.6964314445175667
 40
0.7497815178015574
 40
0.8065733069755322
 40
0.8674355315653993
 40
0.931886753250874
 40
1.0
 40
1.0
 40
1.0
 40
1.0
 10
222.3689052430736
 20
492.1029415624397
 30
0.0
 10
222.3722896512604
 20
492.3032685610756
 30
0.0
 10
222.3789630436062
 20
492.6982743008024
 30
0.0
 10
222.4480055521205
 20
493.2835804739916
 30
0.0
 10
222.5590072040044
 20
493.8516873492415
 30
0.0
 10
222.7144305594083
 20
494.4053983071144
 30
0.0
 10
222.9046753715261
 20
494.947554159436
 30
0.0
 10
223.1525335325306
 20
495.4707672111667
 30
0.0
 10
223.4379864900967
 20
495.9808549728075
 30
0.0
 10
223.7630732628203
 20
496.4764565507674
 30
0.0
 10
224.135522048952
 20
496.948259090885
 30
0.0
 10
224.547468601134
 20
497.3989175408768
 30
0.0
 10
225.0091927859781
 20
497.8171105366091
 30
0.0
 10
225.5134039993884
 20
498.2063408305177
 30
0.0
 10
226.0554635294603
 20
498.5762670705668
 30
0.0
 10
226.6427722938471
 20
498.9165499512265
 30
0.0
 10
227.2730015242574
 20
499.2312984350347
 30
0.0
 10
227.9502229331567
 20
499.518996910172
 30
0.0
 10
228.6843186953392
 20
499.7740757825374
 30
0.0
 10
229.4836870193286
 20
499.9993934357034
 30
0.0
 10
230.3553833499848
 20
500.1772961784862
 30
0.0
 10
231.2924065284067
 20
500.3295724829019
 30
0.0
 10
232.2987830517783
 20
500.4523951484176
 30
0.0
 10
233.3750592706203
 20
500.5362465378709
 30
0.0
 10
234.5205645011129
 20
500.5880720812732
 30
0.0
 10
235.3062937204392
 20
500.5926808780363
 30
0.0
 10
235.7100110123044
 20
500.5950489342346
 30
0.0
  0
SPLINE
  5
169
330
1F
100
AcDbEntity
  8
0
  6
Continuous
 62
     7
370
    25
100
AcDbSpline
210
0.0
220
0.0
230
1.0
 70
     8
 71
     3
 72
    31
 73
    27
 74
     0
 42
0.00000001
 43
0.00000001
 40
0.0
 40
0.0
 40
0.0
 40
0.0
 40
0.0650632896172791
 40
0.1267731664665229
 40
0.1855157632260791
 40
0.240764679167715
 40
0.2929797960235981
 40
0.3422503727797674
 40
0.3889192861856604
 40
0.4327756640583103
 40
0.4746284326311178
 40
0.5147746906379534
 40
0.5536058934984426
 40
0.5914264064311731
 40
0.6280281199460672
 40
0.6638036341103205
 40
0.6989843361316637
 40
0.7335914893067054
 40
0.7676284691511396
 40
0.8012083477865919
 40
0.8342638397266232
 40
0.8669806947287763
 40
0.8997197415181606
 40
0.9327019124985383
 40
0.9661758834327495
 40
1.0
 40
1.0
 40
1.0
 40
1.0
 10
235.7100110123044
 20
483.3360745752602
 30
0.0
 10
235.3215803661047
 20
483.340803217379
 30
0.0
 10
234.5647390926149
 20
483.3500167837082
 30
0.0
 10
233.4578000145798
 20
483.3977593985367
 30
0.0
 10
232.4127856432132
 20
483.4918020362338
 30
0.0
 10
231.4271897156556
 20
483.6094402371032
 30
0.0
 10
230.5051144246964
 20
483.7723700826817
 30
0.0
 10
229.6433689986722
 20
483.9727047177625
 30
0.0
 10
228.8382320214431
 20
484.1951384890976
 30
0.0
 10
228.0962993886165
 20
484.469710994923
 30
0.0
 10
227.4072211712549
 20
484.7702344357286
 30
0.0
 10
226.7637510090908
 20
485.09720643083
 30
0.0
 10
226.1602013422157
 20
485.4475074544231
 30
0.0
 10
225.6014031787725
 20
485.829151489588
 30
0.0
 10
225.0833980674436
 20
486.2359391167849
 30
0.0
 10
224.6153296059154
 20
486.6765767840255
 30
0.0
 10
224.1859195865257
 20
487.1386433159084
 30
0.0
 10
223.8038192043718
 20
487.6278648479606
 30
0.0
 10
223.4693751935822
 20
488.1388515340453
 30
0.0
 10
223.1702803936249
 20
488.6610688351574
 30
0.0
 10
222.9291059781202
 20
489.2037825314491
 30
0.0
 10
222.7220231093102
 20
489.7546936741147
 30
0.0
 10
222.5638141156222
 20
490.3216823882061
 30
0.0
 10
222.4544209927013
 20
490.9040419092095
 30
0.0
 10
222.3776995782009
 20
491.4988100213776
 30
0.0
 10
222.3718468385345
 20
491.9008670936816
 30
0.0
 10
222.3689052430736
 20
492.1029415624397
 30
0.0
  0
CIRCLE
  5
16A
330
1F
100
AcDbEntity
  8
0
  6
Continuous
 62
     7
370
    25
100
AcDbCircle
 10
234.8716173121
 20
489.5290660592
 30
0.0
 40
49.99999999999994
  0
SPLINE
  5
16B
330
1F
100
AcDbEntity
  8
0
  6
Continuous
 62
     7
370
    25
100
AcDbSpline
210
0.0
220
0.0
230
1.0
 70
     8
 71
     3
 72
    31
 73
    27
 74
     0
 42
0.00000001
 43
0.00000001
 40
0.0
 40
0.0
 40
0.0
 40
0.0
 40
0.0337881161627102
 40
0.0671939323738799
 40
0.0998624108568251
 40
0.1325666121262583
 40
0.1651511732547863
 40
0.197913187355792
 40
0.2313190035669618
 40
0.2650832782673734
 40
0.299255308758115
 40
0.3343985665049786
 40
0.3699428235093078
 40
0.4062835607000611
 40
0.4440638196985084
 40
0.4829977068727755
 40
0.5233544466133045
 40
0.5655365896041492
 40
0.6096129240658195
 40
0.6563908113764172
 40
0.7058854949364574
 40
0.7583245002617311
 40
0.8138317829411501
 40
0.87279455903939
 40
0.9347222295400741
 40
1.0
 40
1.0
 40
1.0
 40
1.0
 10
249.0714693456377
 20
472.5644800239782
 30
0.0
 10
249.06792920122
 20
472.3624739801205
 30
0.0
 10
249.0608889678004
 20
471.9607475155632
 30
0.0
 10
248.993223784835
 20
471.3668202209213
 30
0.0
 10
248.8809476343601
 20
470.7866139593354
 30
0.0
 10
248.7218639902459
 20
470.222602324173
 30
0.0
 10
248.5245010796318
 20
469.6701524223783
 30
0.0
 10
248.2771260011824
 20
469.1335853497499
 30
0.0
 10
247.989170792454
 20
468.6095682429762
 30
0.0
 10
247.6508146542859
 20
468.1064284421175
 30
0.0
 10
247.2735718498865
 20
467.6186423764631
 30
0.0
 10
246.8471227677138
 20
467.1581914451799
 30
0.0
 10
246.3757733764498
 20
466.7250337360954
 30
0.0
 10
245.8645667071012
 20
466.3137329484353
 30
0.0
 10
245.3036978057376
 20
465.9359580430465
 30
0.0
 10
244.7029216945149
 20
465.5761965633951
 30
0.0
 10
244.0517319900113
 20
465.2541823599944
 30
0.0
 10
243.3609937376791
 20
464.9440507172698
 30
0.0
 10
242.6115946137679
 20
464.6763565849336
 30
0.0
 10
241.8077589231509
 20
464.4349386906716
 30
0.0
 10
240.9399919671295
 20
464.2398741758706
 30
0.0
 10
240.0128466441307
 20
464.0773920280453
 30
0.0
 10
239.0229180514735
 20
463.9515176403258
 30
0.0
 10
237.9723282189025
 20
463.8598407520986
 30
0.0
 10
236.8603859553952
 20
463.8114132206557
 30
0.0
 10
236.1001432785095
 20
463.8022931604702
 30
0.0
 10
235.7100110123044
 20
463.7976130367987
 30
0.0
  0
SPLINE
  5
16C
330
1F
100
AcDbEntity
  8
0
  6
Continuous
 62
     7
370
    25
100
AcDbSpline
210
0.0
220
0.0
230
1.0
 70
     8
 71
     3
 72
    31
 73
    27
 74
     0
 42
0.00000001
 43
0.00000001
 40
0.0
 40
0.0
 40
0.0
 40
0.0
 40
0.0685946222587424
 40
0.1332460424433009
 40
0.1943125864682561
 40
0.2512792231169662
 40
0.3045134392563466
 40
0.3542349066533248
 40
0.4004805887739888
 40
0.4434107549384918
 40
0.4840148686163449
 40
0.523252300773203
 40
0.5610423727283599
 40
0.5979002393643997
 40
0.6335184888561955
 40
0.6683143511696513
 40
0.7024956712863817
 40
0.7366853535134584
 40
0.7702931693607888
 40
0.803437255019249
 40
0.8359129516660287
 40
0.8684602457892907
 40
0.9008465382431824
 40
0.9334665246307079
 40
0.9662575752981228
 40
1.0
 40
1.0
 40
1.0
 40
1.0
 10
235.7100110123044
 20
481.0565873957731
 30
0.0
 10
236.1171177690044
 20
481.0542069211447
 30
0.0
 10
236.9079285118289
 20
481.0495828148673
 30
0.0
 10
238.0602513428279
 20
480.9981411314579
 30
0.0
 10
239.1412774401072
 20
480.9126857900994
 30
0.0
 10
240.1510585479289
 20
480.795574569986
 30
0.0
 10
241.089855353286
 20
480.6530589420776
 30
0.0
 10
241.9551590193608
 20
480.4628094107424
 30
0.0
 10
242.7509744502099
 20
480.2464536431938
 30
0.0
 10
243.4798967448645
 20
479.9957016078833
 30
0.0
 10
244.1517463610824
 20
479.712761653293
 30
0.0
 10
244.7789463933286
 20
479.4048101611957
 30
0.0
 10
245.3605478451659
 20
479.0596256530932
 30
0.0
 10
245.9058335242135
 20
478.6969360564222
 30
0.0
 10
246.4058774807064
 20
478.3020598794661
 30
0.0
 10
246.8677413744123
 20
477.8862343715037
 30
0.0
 10
247.2807508206353
 20
477.4332298980223
 30
0.0
 10
247.6570068436585
 20
476.9584457808379
 30
0.0
 10
247.9868401523634
 20
476.4575834392523
 30
0.0
 10
248.2773634554607
 20
475.9449195192416
 30
0.0
 10
248.5255567778445
 20
475.4169253224585
 30
0.0
 10
248.720704512368
 20
474.8721593094278
 30
0.0
 10
248.8818918003749
 20
474.3155178893141
 30
0.0
 10
248.9921201632957
 20
473.7450551767545
 30
0.0
 10
249.0614760134759
 20
473.1598292784736
 30
0.0
 10
249.0681066307905
 20
472.7648125802243
 30
0.0
 10
249.0714693456377
 20
472.5644800239782
 30
0.0
  0
SPLINE
  5
16D
330
1F
100
AcDbEntity
  8
0
  6
Continuous
 62
     7
370
    25
100
AcDbSpline
210
0.0
220
0.0
230
1.0
 70
     8
 71
     3
 72
    31
 73
    27
 74
     0
 42
0.00000001
 43
0.00000001
 40
0.0
 40
0.0
 40
0.0
 40
0.0
 40
0.0337871463469912
 40
0.0666216577242937
 40
0.0992848780959723
 40
0.1313611650426505
 40
0.1635851875953431
 40
0.1961039269870681
 40
0.2289022543238168
 40
0.2621580559050073
 40
0.2959912222583164
 40
0.3302178457247997
 40
0.3650598258919539
 40
0.4009507373401075
 40
0.4376203820767375
 40
0.4757075294370918
 40
0.5153806916250482
 40
0.5564135414931641
 40
0.5997648298727309
 40
0.6464241555840871
 40
0.6964314445175666
 40
0.7497815178015573
 40
0.8065733069755322
 40
0.8674355315653994
 40
0.9318867532508739
 40
1.0
 40
1.0
 40
1.0
 40
1.0
 10
222.3689052430736
 20
472.5644800239782
 30
0.0
 10
222.3722896512604
 20
472.764807022614
 30
0.0
 10
222.3789630436062
 20
473.1598127623409
 30
0.0
 10
222.4480055521205
 20
473.7451189355301
 30
0.0
 10
222.5590072040044
 20
474.31322581078
 30
0.0
 10
222.7144305594083
 20
474.8669367686529
 30
0.0
 10
222.9046753715261
 20
475.4090926209745
 30
0.0
 10
223.1525335325306
 20
475.9323056727051
 30
0.0
 10
223.4379864900967
 20
476.442393434346
 30
0.0
 10
223.7630732628203
 20
476.9379950123057
 30
0.0
 10
224.135522048952
 20
477.4097975524234
 30
0.0
 10
224.547468601134
 20
477.8604560024153
 30
0.0
 10
225.0091927859781
 20
478.2786489981476
 30
0.0
 10
225.5134039993884
 20
478.6678792920562
 30
0.0
 10
226.0554635294604
 20
479.0378055321053
 30
0.0
 10
226.6427722938471
 20
479.378088412765
 30
0.0
 10
227.2730015242574
 20
479.6928368965732
 30
0.0
 10
227.9502229331567
 20
479.9805353717104
 30
0.0
 10
228.6843186953392
 20
480.2356142440759
 30
0.0
 10
229.4836870193286
 20
480.4609318972418
 30
0.0
 10
230.3553833499848
 20
480.6388346400246
 30
0.0
 10
231.2924065284067
 20
480.7911109444403
 30
0.0
 10
232.2987830517783
 20
480.913933609956
 30
0.0
 10
233.3750592706203
 20
480.9977849994093
 30
0.0
 10
234.5205645011129
 20
481.0496105428117
 30
0.0
 10
235.3062937204392
 20
481.0542193395748
 30
0.0
 10
235.7100110123044
 20
481.0565873957731
 30
0.0
  0
SPLINE
  5
16E
330
1F
100
AcDbEntity
  8
0
  6
Continuous
 62
     7
370
    25
100
AcDbSpline
210
0.0
220
0.0
230
1.0
 70
     8
 71
     3
 72
    31
 73
    27
 74
     0
 42
0.00000001
 43
0.00000001
 40
0.0
 40
0.0
 40
0.0
 40
0.0
 40
0.0650632896172791
 40
0.126773166466523
 40
0.1855157632260791
 40
0.2407646791677149
 40
0.2929797960235981
 40
0.3422503727797675
 40
0.3889192861856604
 40
0.4327756640583104
 40
0.4746284326311178
 40
0.5147746906379534
 40
0.5536058934984425
 40
0.5914264064311731
 40
0.6280281199460672
 40
0.6638036341103205
 40
0.6989843361316636
 40
0.7335914893067053
 40
0.7676284691511395
 40
0.8012083477865919
 40
0.8342638397266232
 40
0.8669806947287761
 40
0.8997197415181606
 40
0.9327019124985384
 40
0.9661758834327496
 40
1.0
 40
1.0
 40
1.0
 40
1.0
 10
235.7100110123044
 20
463.7976130367987
 30
0.0
 10
235.3215803661047
 20
463.8023416789175
 30
0.0
 10
234.5647390926149
 20
463.8115552452467
 30
0.0
 10
233.4578000145798
 20
463.8592978600752
 30
0.0
 10
232.4127856432132
 20
463.9533404977723
 30
0.0
 10
231.4271897156556
 20
464.0709786986417
 30
0.0
 10
230.5051144246964
 20
464.2339085442202
 30
0.0
 10
229.6433689986722
 20
464.4342431793009
 30
0.0
 10
228.8382320214431
 20
464.656676950636
 30
0.0
 10
228.0962993886165
 20
464.9312494564614
 30
0.0
 10
227.4072211712549
 20
465.2317728972671
 30
0.0
 10
226.7637510090908
 20
465.5587448923685
 30
0.0
 10
226.1602013422157
 20
465.9090459159617
 30
0.0
 10
225.6014031787725
 20
466.2906899511265
 30
0.0
 10
225.0833980674436
 20
466.6974775783234
 30
0.0
 10
224.6153296059154
 20
467.138115245564
 30
0.0
 10
224.1859195865257
 20
467.6001817774469
 30
0.0
 10
223.8038192043718
 20
468.089403309499
 30
0.0
 10
223.4693751935822
 20
468.6003899955838
 30
0.0
 10
223.1702803936249
 20
469.1226072966958
 30
0.0
 10
222.9291059781202
 20
469.6653209929876
 30
0.0
 10
222.7220231093102
 20
470.2162321356531
 30
0.0
 10
222.5638141156222
 20
470.7832208497445
 30
0.0
 10
222.4544209927013
 20
471.3655803707479
 30
0.0
 10
222.3776995782009
 20
471.9603484829161
 30
0.0
 10
222.3718468385345
 20
472.3624055552201
 30
0.0
 10
222.3689052430736
 20
472.5644800239782
 30
0.0
  0
SPLINE
  5
16F
330
1F
100
AcDbEntity
  8
0
  6
Continuous
 62
     7
370
    25
100
AcDbSpline
210
0.0
220
0.0
230
1.0
 70
     8
 71
     3
 72
    15
 73
    11
 74
     0
 42
0.00000001
 43
0.00000001
 40
0.0
 40
0.0
 40
0.0
 40
0.0
 40
0.1105883385953361
 40
0.2245417540535959
 40
0.3425034940501039
 40
0.4643240984173579
 40
0.5907560327017664
 40
0.7222274753555145
 40
0.8588428362087245
 40
1.0
 40
1.0
 40
1.0
 40
1.0
 10
229.3345703071762
 20
486.5772204085936
 30
0.0
 10
229.5612089878747
 20
486.5006447223188
 30
0.0
 10
230.0213827055272
 20
486.3451632390776
 30
0.0
 10
230.7352217806257
 20
486.1447806486556
 30
0.0
 10
231.4841789817752
 20
485.9869711801488
 30
0.0
 10
232.2637784002462
 20
485.8449970401387
 30
0.0
 10
233.0797693732974
 20
485.7480920059121
 30
0.0
 10
233.9296271308573
 20
485.6700935895137
 30
0.0
 10
234.813992445366
 20
485.6241508900117
 30
0.0
 10
235.4148475243258
 20
485.6184558393797
 30
0.0
 10
235.7201872943557
 20
485.6155617547474
 30
0.0
  0
SPLINE
  5
170
330
1F
100
AcDbEntity
  8
0
  6
Continuous
 62
     7
370
    25
100
AcDbSpline
210
0.0
220
0.0
230
1.0
 70
     8
 71
     3
 72
    19
 73
    15
 74
     0
 42
0.00000001
 43
0.00000001
 40
0.0
 40
0.0
 40
0.0
 40
0.0
 40
0.1128134007444585
 40
0.2253938839207294
 40
0.3395948145627009
 40
0.4596754102248634
 40
0.5217351900879332
 40
0.583925838738916
 40
0.6481741447653697
 40
0.7138810381130662
 40
0.7810044549073892
 40
0.851450927556555
 40
0.9240506926641777
 40
1.0
 40
1.0
 40
1.0
 40
1.0
 10
224.9740334482018
 20
492.0266194470551
 30
0.0
 10
224.9856287718056
 20
491.7453494870391
 30
0.0
 10
225.0087954789977
 20
491.1833902844987
 30
0.0
 10
225.232306315942
 20
490.3623621711655
 30
0.0
 10
225.5695424023356
 20
489.5653082111399
 30
0.0
 10
225.9683042988068
 20
488.9406718445446
 30
0.0
 10
226.3480584611103
 20
488.4654556717056
 30
0.0
 10
226.6718333374383
 20
488.1249723720799
 30
0.0
 10
227.0343702030334
 20
487.8124649348785
 30
0.0
 10
227.4255250933874
 20
487.5160681630765
 30
0.0
 10
227.8527711213914
 20
487.2442222996073
 30
0.0
 10
228.3140538104648
 20
486.9970212431907
 30
0.0
 10
228.8106541301704
 20
486.7714449495772
 30
0.0
 10
229.1573259511824
 20
486.6429278732525
 30
0.0
 10
229.3345703071762
 20
486.5772204085936
 30
0.0
  0
SPLINE
  5
171
330
1F
100
AcDbEntity
  8
0
  6
Continuous
 62
     7
370
    25
100
AcDbSpline
210
0.0
220
0.0
230
1.0
 70
     8
 71
     3
 72
    27
 73
    23
 74
     0
 42
0.00000001
 43
0.00000001
 40
0.0
 40
0.0
 40
0.0
 40
0.0
 40
0.0729510658758665
 40
0.1415836941865451
 40
0.2059264601708671
 40
0.2653013571846055
 40
0.3205972327139283
 40
0.3718165030988105
 40
0.4187897697094522
 40
0.4616987286157647
 40
0.5021335821035657
 40
0.5408043152926482
 40
0.5781805253279664
 40
0.6142968652075148
 40
0.6496782432647874
 40
0.6842994600896377
 40
0.7183589527723611
 40
0.7520808646475969
 40
0.8176524386023857
 40
0.8797220764054373
 40
0.9399655597309876
 40
1.0
 40
1.0
 40
1.0
 40
1.0
 10
235.7201872943557
 20
498.3155617547475
 30
0.0
 10
235.3809253087505
 20
498.3146949103146
 30
0.0
 10
234.7224844122081
 20
498.3130125354842
 30
0.0
 10
233.7656790325541
 20
498.2690618227238
 30
0.0
 10
232.8732657891382
 20
498.209188710499
 30
0.0
 10
232.0441115530769
 20
498.1319632966411
 30
0.0
 10
231.2810228908629
 20
498.0172790416236
 30
0.0
 10
230.5787514766188
 20
497.8887783528896
 30
0.0
 10
229.9410138129929
 20
497.7324007882244
 30
0.0
 10
229.3634337010229
 20
497.5473798014182
 30
0.0
 10
228.8362090325138
 20
497.3366389268199
 30
0.0
 10
228.3456173570182
 20
497.1065449447572
 30
0.0
 10
227.8858633040271
 20
496.8593614128187
 30
0.0
 10
227.4610765461121
 20
496.5827252916628
 30
0.0
 10
227.0698718125547
 20
496.2814445470866
 30
0.0
 10
226.7053249722729
 20
495.9623243236315
 30
0.0
 10
226.3802268791517
 20
495.6134547122745
 30
0.0
 10
225.9903234169379
 20
495.1308275521038
 30
0.0
 10
225.5874131321574
 20
494.4936759948332
 30
0.0
 10
225.236558651665
 20
493.6908875482989
 30
0.0
 10
225.0160688249847
 20
492.865979361176
 30
0.0
 10
224.9880289960533
 20
492.306081717688
 30
0.0
 10
224.9740334482018
 20
492.0266194470551
 30
0.0
  0
SPLINE
  5
172
330
1F
100
AcDbEntity
  8
0
  6
Continuous
 62
     7
370
    25
100
AcDbSpline
210
0.0
220
0.0
230
1.0
 70
     8
 71
     3
 72
    27
 73
    23
 74
     0
 42
0.00000001
 43
0.00000001
 40
0.0
 40
0.0
 40
0.0
 40
0.0
 40
0.0656811979906388
 40
0.1284864641740649
 40
0.1881751303280078
 40
0.2451061306699863
 40
0.2994484245294755
 40
0.350822936009382
 40
0.3999416805337775
 40
0.4466717436323721
 40
0.491254533373498
 40
0.5333763442704362
 40
0.5738527549682235
 40
0.6125263117194528
 40
0.6495971364453291
 40
0.6855320415538498
 40
0.7201057860682004
 40
0.7538376629736497
 40
0.8189254160467137
 40
0.8804934616501637
 40
0.940311333846057
 40
1.0
 40
1.0
 40
1.0
 40
1.0
 10
235.7201872943557
 20
485.6155617547474
 30
0.0
 10
236.0254776777723
 20
485.6195545566093
 30
0.0
 10
236.6226909307514
 20
485.6273653306067
 30
0.0
 10
237.4973085846994
 20
485.6572211270664
 30
0.0
 10
238.3280174781544
 20
485.7343179248082
 30
0.0
 10
239.1183963369182
 20
485.8199458159963
 30
0.0
 10
239.8640699622594
 20
485.946199934779
 30
0.0
 10
240.5712807489766
 20
486.082328018996
 30
0.0
 10
241.2312672719514
 20
486.2652168167593
 30
0.0
 10
241.854362522087
 20
486.4605774694277
 30
0.0
 10
242.4334872718928
 20
486.6841729112843
 30
0.0
 10
242.9713416072053
 20
486.9303042398964
 30
0.0
 10
243.4705221811547
 20
487.1931707178201
 30
0.0
 10
243.92965941431
 20
487.4786829771531
 30
0.0
 10
244.3508098685793
 20
487.7834516485411
 30
0.0
 10
244.7255294976507
 20
488.1155207198606
 30
0.0
 10
245.0654320662098
 20
488.4617181682593
 30
0.0
 10
245.4534175678352
 20
488.9466200310938
 30
0.0
 10
245.8490167293415
 20
489.5814334485024
 30
0.0
 10
246.2130768151851
 20
490.3713418606446
 30
0.0
 10
246.4221427102054
 20
491.1933631074957
 30
0.0
 10
246.4516189532821
 20
491.7490676029065
 30
0.0
 10
246.4663411405095
 20
492.0266194470551
 30
0.0
  0
SPLINE
  5
173
330
1F
100
AcDbEntity
  8
0
  6
Continuous
 62
     7
370
    25
100
AcDbSpline
210
0.0
220
0.0
230
1.0
 70
     8
 71
     3
 72
    27
 73
    23
 74
     0
 42
0.00000001
 43
0.00000001
 40
0.0
 40
0.0
 40
0.0
 40
0.0
 40
0.0603866193110621
 40
0.1208832485859962
 40
0.1827546186251397
 40
0.2478110297583511
 40
0.2812991000432489
 40
0.3150876241506572
 40
0.3497023955502753
 40
0.3848565811185556
 40
0.4209661972261025
 40
0.458511188261139
 40
0.4971747221273121
 40
0.5376020478662696
 40
0.5805030184200115
 40
0.6274675400267047
 40
0.6783882095592434
 40
0.7339832205925604
 40
0.7937467045508348
 40
0.8577136721607321
 40
0.926697864361386
 40
1.0
 40
1.0
 40
1.0
 40
1.0
 10
246.4663411405095
 20
492.0266194470551
 30
0.0
 10
246.4515986419837
 20
492.3075477439137
 30
0.0
 10
246.4220867876292
 20
492.8699161217336
 30
0.0
 10
246.2138557472788
 20
493.7004812788936
 30
0.0
 10
245.8509045087601
 20
494.4966214308119
 30
0.0
 10
245.4521072914433
 20
495.1297561613384
 30
0.0
 10
245.0722806884096
 20
495.6149962119936
 30
0.0
 10
244.7429047075282
 20
495.9566820439277
 30
0.0
 10
244.3826147472783
 20
496.2770571223076
 30
0.0
 10
243.9878122795072
 20
496.572188431878
 30
0.0
 10
243.563520756677
 20
496.8486078013303
 30
0.0
 10
243.1064022926707
 20
497.1024700068797
 30
0.0
 10
242.6141403922921
 20
497.3311957708145
 30
0.0
 10
242.0871525466795
 20
497.5422664048077
 30
0.0
 10
241.5096222642044
 20
497.7278517807695
 30
0.0
 10
240.872670139269
 20
497.8809336853528
 30
0.0
 10
240.1726324102846
 20
498.0223540137086
 30
0.0
 10
239.4054108383395
 20
498.1224682508727
 30
0.0
 10
238.5760489253171
 20
498.2114680784005
 30
0.0
 10
237.6814078158814
 20
498.2686641463969
 30
0.0
 10
236.7229977409614
 20
498.313159557745
 30
0.0
 10
236.0611524192565
 20
498.3147449848347
 30
0.0
 10
235.7201872943557
 20
498.3155617547475
 30
0.0
  0
SPLINE
  5
174
330
1F
100
AcDbEntity
  8
0
  6
Continuous
 62
     7
370
    25
100
AcDbSpline
210
0.0
220
0.0
230
1.0
 70
     8
 71
     3
 72
    15
 73
    11
 74
     0
 42
0.00000001
 43
0.00000001
 40
0.0
 40
0.0
 40
0.0
 40
0.0
 40
0.1105883385953361
 40
0.2245417540535959
 40
0.3425034940501039
 40
0.4643240984173579
 40
0.5907560327017664
 40
0.7222274753555145
 40
0.8588428362087245
 40
1.0
 40
1.0
 40
1.0
 40
1.0
 10
229.3345703071762
 20
467.0387588701321
 30
0.0
 10
229.5612089878747
 20
466.9621831838573
 30
0.0
 10
230.0213827055272
 20
466.806701700616
 30
0.0
 10
230.7352217806257
 20
466.6063191101941
 30
0.0
 10
231.4841789817752
 20
466.4485096416873
 30
0.0
 10
232.2637784002462
 20
466.3065355016771
 30
0.0
 10
233.0797693732974
 20
466.2096304674506
 30
0.0
 10
233.9296271308573
 20
466.1316320510522
 30
0.0
 10
234.813992445366
 20
466.0856893515502
 30
0.0
 10
235.4148475243258
 20
466.0799943009183
 30
0.0
 10
235.7201872943557
 20
466.0771002162859
 30
0.0
  0
SPLINE
  5
175
330
1F
100
AcDbEntity
  8
0
  6
Continuous
 62
     7
370
    25
100
AcDbSpline
210
0.0
220
0.0
230
1.0
 70
     8
 71
     3
 72
    19
 73
    15
 74
     0
 42
0.00000001
 43
0.00000001
 40
0.0
 40
0.0
 40
0.0
 40
0.0
 40
0.1128134007444581
 40
0.2253938839207294
 40
0.3395948145627009
 40
0.4596754102248634
 40
0.5217351900879332
 40
0.583925838738916
 40
0.6481741447653697
 40
0.7138810381130662
 40
0.7810044549073892
 40
0.851450927556555
 40
0.9240506926641777
 40
1.0
 40
1.0
 40
1.0
 40
1.0
 10
224.9740334482018
 20
472.4881579085936
 30
0.0
 10
224.9856287718056
 20
472.2068879485776
 30
0.0
 10
225.0087954789977
 20
471.6449287460372
 30
0.0
 10
225.232306315942
 20
470.823900632704
 30
0.0
 10
225.5695424023356
 20
470.0268466726784
 30
0.0
 10
225.9683042988068
 20
469.4022103060831
 30
0.0
 10
226.3480584611103
 20
468.9269941332441
 30
0.0
 10
226.6718333374383
 20
468.5865108336183
 30
0.0
 10
227.0343702030334
 20
468.274003396417
 30
0.0
 10
227.4255250933874
 20
467.977606624615
 30
0.0
 10
227.8527711213914
 20
467.7057607611458
 30
0.0
 10
228.3140538104648
 20
467.4585597047291
 30
0.0
 10
228.8106541301704
 20
467.2329834111157
 30
0.0
 10
229.1573259511824
 20
467.104466334791
 30
0.0
 10
229.3345703071762
 20
467.0387588701321
 30
0.0
  0
SPLINE
  5
176
330
1F
100
AcDbEntity
  8
0
  6
Continuous
 62
     7
370
    25
100
AcDbSpline
210
0.0
220
0.0
230
1.0
 70
     8
 71
     3
 72
    27
 73
    23
 74
     0
 42
0.00000001
 43
0.00000001
 40
0.0
 40
0.0
 40
0.0
 40
0.0
 40
0.0729510658758665
 40
0.1415836941865451
 40
0.205926460170867
 40
0.2653013571846055
 40
0.3205972327139283
 40
0.3718165030988103
 40
0.4187897697094521
 40
0.4616987286157646
 40
0.5021335821035657
 40
0.5408043152926482
 40
0.5781805253279664
 40
0.6142968652075145
 40
0.6496782432647875
 40
0.6842994600896376
 40
0.718358952772361
 40
0.7520808646475968
 40
0.8176524386023853
 40
0.8797220764054372
 40
0.9399655597309877
 40
1.0
 40
1.0
 40
1.0
 40
1.0
 10
235.7201872943557
 20
478.7771002162859
 30
0.0
 10
235.3809253087505
 20
478.776233371853
 30
0.0
 10
234.7224844122081
 20
478.7745509970226
 30
0.0
 10
233.7656790325541
 20
478.7306002842622
 30
0.0
 10
232.8732657891382
 20
478.6707271720375
 30
0.0
 10
232.0441115530769
 20
478.5935017581796
 30
0.0
 10
231.2810228908629
 20
478.4788175031621
 30
0.0
 10
230.5787514766188
 20
478.3503168144281
 30
0.0
 10
229.9410138129929
 20
478.1939392497629
 30
0.0
 10
229.3634337010229
 20
478.0089182629567
 30
0.0
 10
228.8362090325138
 20
477.7981773883584
 30
0.0
 10
228.3456173570182
 20
477.5680834062956
 30
0.0
 10
227.8858633040271
 20
477.3208998743571
 30
0.0
 10
227.4610765461121
 20
477.0442637532012
 30
0.0
 10
227.0698718125547
 20
476.7429830086251
 30
0.0
 10
226.7053249722729
 20
476.42386278517
 30
0.0
 10
226.3802268791517
 20
476.074993173813
 30
0.0
 10
225.9903234169379
 20
475.5923660136422
 30
0.0
 10
225.5874131321574
 20
474.9552144563717
 30
0.0
 10
225.236558651665
 20
474.1524260098374
 30
0.0
 10
225.0160688249847
 20
473.3275178227145
 30
0.0
 10
224.9880289960533
 20
472.7676201792265
 30
0.0
 10
224.9740334482018
 20
472.4881579085936
 30
0.0
  0
SPLINE
  5
177
330
1F
100
AcDbEntity
  8
0
  6
Continuous
 62
     7
370
    25
100
AcDbSpline
210
0.0
220
0.0
230
1.0
 70
     8
 71
     3
 72
    27
 73
    23
 74
     0
 42
0.00000001
 43
0.00000001
 40
0.0
 40
0.0
 40
0.0
 40
0.0
 40
0.0603866193110621
 40
0.1208832485859959
 40
0.1827546186251395
 40
0.247811029758351
 40
0.2812991000432489
 40
0.3150876241506569
 40
0.3497023955502754
 40
0.3848565811185556
 40
0.4209661972261025
 40
0.4585111882611391
 40
0.4971747221273122
 40
0.5376020478662696
 40
0.5805030184200116
 40
0.6274675400267048
 40
0.6783882095592435
 40
0.7339832205925605
 40
0.793746704550835
 40
0.8577136721607322
 40
0.9266978643613861
 40
1.0
 40
1.0
 40
1.0
 40
1.0
 10
246.4663411405095
 20
472.4881579085936
 30
0.0
 10
246.4515986419837
 20
472.7690862054521
 30
0.0
 10
246.4220867876292
 20
473.331454583272
 30
0.0
 10
246.2138557472788
 20
474.162019740432
 30
0.0
 10
245.8509045087601
 20
474.9581598923504
 30
0.0
 10
245.4521072914433
 20
475.5912946228769
 30
0.0
 10
245.0722806884096
 20
476.076534673532
 30
0.0
 10
244.7429047075281
 20
476.4182205054662
 30
0.0
 10
244.3826147472783
 20
476.738595583846
 30
0.0
 10
243.9878122795072
 20
477.0337268934164
 30
0.0
 10
243.563520756677
 20
477.3101462628688
 30
0.0
 10
243.1064022926707
 20
477.5640084684183
 30
0.0
 10
242.6141403922921
 20
477.792734232353
 30
0.0
 10
242.0871525466795
 20
478.0038048663462
 30
0.0
 10
241.5096222642044
 20
478.1893902423079
 30
0.0
 10
240.872670139269
 20
478.3424721468912
 30
0.0
 10
240.1726324102846
 20
478.483892475247
 30
0.0
 10
239.4054108383395
 20
478.5840067124111
 30
0.0
 10
238.5760489253171
 20
478.6730065399389
 30
0.0
 10
237.6814078158814
 20
478.7302026079353
 30
0.0
 10
236.7229977409614
 20
478.7746980192834
 30
0.0
 10
236.0611524192565
 20
478.7762834463732
 30
0.0
 10
235.7201872943557
 20
478.7771002162859
 30
0.0
  0
SPLINE
  5
178
330
1F
100
AcDbEntity
  8
0
  6
Continuous
 62
     7
370
    25
100
AcDbSpline
210
0.0
220
0.0
230
1.0
 70
     8
 71
     3
 72
    27
 73
    23
 74
     0
 42
0.00000001
 43
0.00000001
 40
0.0
 40
0.0
 40
0.0
 40
0.0
 40
0.0656811979906388
 40
0.1284864641740649
 40
0.1881751303280078
 40
0.2451061306699864
 40
0.2994484245294755
 40
0.3508229360093821
 40
0.3999416805337776
 40
0.4466717436323722
 40
0.4912545333734981
 40
0.5333763442704363
 40
0.5738527549682237
 40
0.6125263117194528
 40
0.6495971364453291
 40
0.6855320415538503
 40
0.7201057860682004
 40
0.7538376629736497
 40
0.8189254160467137
 40
0.8804934616501636
 40
0.940311333846057
 40
1.0
 40
1.0
 40
1.0
 40
1.0
 10
235.7201872943557
 20
466.0771002162859
 30
0.0
 10
236.0254776777723
 20
466.0810930181478
 30
0.0
 10
236.6226909307514
 20
466.0889037921451
 30
0.0
 10
237.4973085846994
 20
466.1187595886047
 30
0.0
 10
238.3280174781544
 20
466.1958563863467
 30
0.0
 10
239.1183963369182
 20
466.2814842775348
 30
0.0
 10
239.8640699622594
 20
466.4077383963174
 30
0.0
 10
240.5712807489766
 20
466.5438664805344
 30
0.0
 10
241.2312672719514
 20
466.7267552782978
 30
0.0
 10
241.854362522087
 20
466.9221159309661
 30
0.0
 10
242.4334872718928
 20
467.1457113728228
 30
0.0
 10
242.9713416072053
 20
467.3918427014349
 30
0.0
 10
243.4705221811547
 20
467.6547091793586
 30
0.0
 10
243.92965941431
 20
467.9402214386916
 30
0.0
 10
244.3508098685793
 20
468.2449901100796
 30
0.0
 10
244.7255294976507
 20
468.577059181399
 30
0.0
 10
245.0654320662098
 20
468.9232566297978
 30
0.0
 10
245.4534175678352
 20
469.4081584926323
 30
0.0
 10
245.8490167293415
 20
470.0429719100409
 30
0.0
 10
246.2130768151851
 20
470.8328803221831
 30
0.0
 10
246.4221427102054
 20
471.6549015690342
 30
0.0
 10
246.4516189532821
 20
472.2106060644449
 30
0.0
 10
246.4663411405095
 20
472.4881579085936
 30
0.0
  0
LINE
  5
179
330
1F
100
AcDbEntity
  8
0
  6
Continuous
 62
     7
370
    25
100
AcDbLine
 10
259.5134248765
 20
400.540071931
 30
0.0
 11
259.5134248765
 21
395.8437177644
 31
0.0
  0
LINE
  5
17A
330
1F
100
AcDbEntity
  8
0
  6
Continuous
 62
     7
370
    25
100
AcDbLine
 10
259.5134248765
 20
395.8437177644
 30
0.0
 11
234.1134248765
 21
395.8437177644
 31
0.0
  0
LINE
  5
17B
330
1F
100
AcDbEntity
  8
0
  6
Continuous
 62
     7
370
    25
100
AcDbLine
 10
234.1134248765
 20
395.8437177644
 30
0.0
 11
234.1134248765
 21
398.1232049438
 31
0.0
  0
LINE
  5
17C
330
1F
100
AcDbEntity
  8
0
  6
Continuous
 62
     7
370
    25
100
AcDbLine
 10
234.1134248765
 20
398.1232049438
 30
0.0
 11
256.9082966714
 21
398.1232049438
 31
0.0
  0
LINE
  5
17D
330
1F
100
AcDbEntity
  8
0
  6
Continuous
 62
     7
370
    25
100
AcDbLine
 10
256.9082966714
 20
402.0308972515
 30
0.0
 11
259.5134248765
 21
400.540071931
 31
0.0
  0
LINE
  5
17E
330
1F
100
AcDbEntity
  8
0
  6
Continuous
 62
     7
370
    25
100
AcDbLine
 10
256.9082966714
 20
398.1232049438
 30
0.0
 11
256.9082966714
 21
402.0308972515
 31
0.0
  0
SPLINE
  5
17F
330
1F
100
AcDbEntity
  8
0
  6
Continuous
 62
     7
370
    25
100
AcDbSpline
210
0.0
220
0.0
230
1.0
 70
     8
 71
     3
 72
    19
 73
    15
 74
     0
 42
0.00000001
 43
0.00000001
 40
0.0
 40
0.0
 40
0.0
 40
0.0
 40
0.1128134007444585
 40
0.2253938839207294
 40
0.3395948145627009
 40
0.4596754102248634
 40
0.5217351900879332
 40
0.583925838738916
 40
0.6481741447653696
 40
0.7138810381130662
 40
0.7810044549073892
 40
0.851450927556555
 40
0.9240506926641777
 40
1.0
 40
1.0
 40
1.0
 40
1.0
 10
236.0672710303329
 20
377.8316985335869
 30
0.0
 10
236.0788663539367
 20
377.5504285735709
 30
0.0
 10
236.1020330611287
 20
376.9884693710304
 30
0.0
 10
236.3255438980731
 20
376.1674412576972
 30
0.0
 10
236.6627799844666
 20
375.3703872976716
 30
0.0
 10
237.0615418809379
 20
374.7457509310763
 30
0.0
 10
237.4412960432414
 20
374.2705347582373
 30
0.0
 10
237.7650709195694
 20
373.9300514586115
 30
0.0
 10
238.1276077851645
 20
373.6175440214103
 30
0.0
 10
238.5187626755185
 20
373.3211472496082
 30
0.0
 10
238.9460087035225
 20
373.049301386139
 30
0.0
 10
239.4072913925959
 20
372.8021003297224
 30
0.0
 10
239.9038917123015
 20
372.5765240361089
 30
0.0
 10
240.2505635333135
 20
372.4480069597842
 30
0.0
 10
240.4278078893072
 20
372.3822994951253
 30
0.0
  0
SPLINE
  5
180
330
1F
100
AcDbEntity
  8
0
  6
Continuous
 62
     7
370
    25
100
AcDbSpline
210
0.0
220
0.0
230
1.0
 70
     8
 71
     3
 72
    15
 73
    11
 74
     0
 42
0.00000001
 43
0.00000001
 40
0.0
 40
0.0
 40
0.0
 40
0.0
 40
0.1105883385953361
 40
0.2245417540535959
 40
0.3425034940501039
 40
0.4643240984173579
 40
0.5907560327017664
 40
0.7222274753555145
 40
0.8588428362087245
 40
1.0
 40
1.0
 40
1.0
 40
1.0
 10
240.4278078893072
 20
372.3822994951253
 30
0.0
 10
240.6544465700057
 20
372.3057238088505
 30
0.0
 10
241.1146202876583
 20
372.1502423256093
 30
0.0
 10
241.8284593627567
 20
371.9498597351873
 30
0.0
 10
242.5774165639063
 20
371.7920502666805
 30
0.0
 10
243.3570159823773
 20
371.6500761266703
 30
0.0
 10
244.1730069554284
 20
371.5531710924438
 30
0.0
 10
245.0228647129884
 20
371.4751726760455
 30
0.0
 10
245.9072300274971
 20
371.4292299765434
 30
0.0
 10
246.5080851064569
 20
371.4235349259114
 30
0.0
 10
246.8134248764867
 20
371.4206408412791
 30
0.0
  0
SPLINE
  5
181
330
1F
100
AcDbEntity
  8
0
  6
Continuous
 62
     7
370
    25
100
AcDbSpline
210
0.0
220
0.0
230
1.0
 70
     8
 71
     3
 72
    27
 73
    23
 74
     0
 42
0.00000001
 43
0.00000001
 40
0.0
 40
0.0
 40
0.0
 40
0.0
 40
0.0656811979906388
 40
0.1284864641740649
 40
0.1881751303280078
 40
0.2451061306699863
 40
0.2994484245294755
 40
0.350822936009382
 40
0.3999416805337775
 40
0.4466717436323721
 40
0.491254533373498
 40
0.5333763442704362
 40
0.5738527549682235
 40
0.6125263117194528
 40
0.6495971364453291
 40
0.6855320415538498
 40
0.7201057860682004
 40
0.7538376629736497
 40
0.8189254160467137
 40
0.8804934616501637
 40
0.940311333846057
 40
1.0
 40
1.0
 40
1.0
 40
1.0
 10
246.8134248764867
 20
371.4206408412791
 30
0.0
 10
247.1187152599034
 20
371.424633643141
 30
0.0
 10
247.7159285128824
 20
371.4324444171384
 30
0.0
 10
248.5905461668304
 20
371.462300213598
 30
0.0
 10
249.4212550602854
 20
371.5393970113399
 30
0.0
 10
250.2116339190493
 20
371.625024902528
 30
0.0
 10
250.9573075443905
 20
371.7512790213107
 30
0.0
 10
251.6645183311078
 20
371.8874071055276
 30
0.0
 10
252.3245048540824
 20
372.070295903291
 30
0.0
 10
252.9476001042181
 20
372.2656565559594
 30
0.0
 10
253.5267248540239
 20
372.4892519978161
 30
0.0
 10
254.0645791893363
 20
372.7353833264281
 30
0.0
 10
254.5637597632858
 20
372.9982498043519
 30
0.0
 10
255.022896996441
 20
373.2837620636848
 30
0.0
 10
255.4440474507104
 20
373.5885307350728
 30
0.0
 10
255.8187670797817
 20
373.9205998063923
 30
0.0
 10
256.1586696483409
 20
374.266797254791
 30
0.0
 10
256.5466551499663
 20
374.7516991176255
 30
0.0
 10
256.9422543114726
 20
375.3865125350341
 30
0.0
 10
257.3063143973162
 20
376.1764209471763
 30
0.0
 10
257.5153802923365
 20
376.9984421940275
 30
0.0
 10
257.5448565354132
 20
377.5541466894382
 30
0.0
 10
257.5595787226406
 20
377.8316985335869
 30
0.0
  0
SPLINE
  5
182
330
1F
100
AcDbEntity
  8
0
  6
Continuous
 62
     7
370
    25
100
AcDbSpline
210
0.0
220
0.0
230
1.0
 70
     8
 71
     3
 72
    27
 73
    23
 74
     0
 42
0.00000001
 43
0.00000001
 40
0.0
 40
0.0
 40
0.0
 40
0.0
 40
0.0603866193110621
 40
0.1208832485859962
 40
0.1827546186251397
 40
0.2478110297583511
 40
0.2812991000432489
 40
0.3150876241506572
 40
0.3497023955502753
 40
0.3848565811185556
 40
0.4209661972261025
 40
0.458511188261139
 40
0.4971747221273121
 40
0.5376020478662696
 40
0.5805030184200115
 40
0.6274675400267047
 40
0.6783882095592434
 40
0.7339832205925604
 40
0.7937467045508348
 40
0.8577136721607321
 40
0.926697864361386
 40
1.0
 40
1.0
 40
1.0
 40
1.0
 10
257.5595787226406
 20
377.8316985335869
 30
0.0
 10
257.5448362241148
 20
378.1126268304454
 30
0.0
 10
257.5153243697603
 20
378.6749952082653
 30
0.0
 10
257.3070933294099
 20
379.5055603654252
 30
0.0
 10
256.9441420908912
 20
380.3017005173436
 30
0.0
 10
256.5453448735743
 20
380.9348352478701
 30
0.0
 10
256.1655182705406
 20
381.4200752985253
 30
0.0
 10
255.8361422896592
 20
381.7617611304594
 30
0.0
 10
255.4758523294094
 20
382.0821362088392
 30
0.0
 10
255.0810498616382
 20
382.3772675184096
 30
0.0
 10
254.656758338808
 20
382.6536868878621
 30
0.0
 10
254.1996398748018
 20
382.9075490934114
 30
0.0
 10
253.7073779744232
 20
383.1362748573462
 30
0.0
 10
253.1803901288106
 20
383.3473454913394
 30
0.0
 10
252.6028598463355
 20
383.5329308673011
 30
0.0
 10
251.9659077214001
 20
383.6860127718845
 30
0.0
 10
251.2658699924157
 20
383.8274331002402
 30
0.0
 10
250.4986484204707
 20
383.9275473374043
 30
0.0
 10
249.6692865074482
 20
384.0165471649321
 30
0.0
 10
248.7746453980124
 20
384.0737432329285
 30
0.0
 10
247.8162353230925
 20
384.1182386442767
 30
0.0
 10
247.1543900013876
 20
384.1198240713664
 30
0.0
 10
246.8134248764867
 20
384.1206408412791
 30
0.0
  0
SPLINE
  5
183
330
1F
100
AcDbEntity
  8
0
  6
Continuous
 62
     7
370
    25
100
AcDbSpline
210
0.0
220
0.0
230
1.0
 70
     8
 71
     3
 72
    27
 73
    23
 74
     0
 42
0.00000001
 43
0.00000001
 40
0.0
 40
0.0
 40
0.0
 40
0.0
 40
0.0729510658758665
 40
0.1415836941865451
 40
0.2059264601708671
 40
0.2653013571846055
 40
0.3205972327139283
 40
0.3718165030988105
 40
0.4187897697094522
 40
0.4616987286157647
 40
0.5021335821035657
 40
0.5408043152926482
 40
0.5781805253279664
 40
0.6142968652075148
 40
0.6496782432647874
 40
0.6842994600896377
 40
0.7183589527723611
 40
0.7520808646475969
 40
0.8176524386023857
 40
0.8797220764054373
 40
0.9399655597309876
 40
1.0
 40
1.0
 40
1.0
 40
1.0
 10
246.8134248764867
 20
384.1206408412791
 30
0.0
 10
246.4741628908816
 20
384.1197739968463
 30
0.0
 10
245.8157219943392
 20
384.1180916220159
 30
0.0
 10
244.8589166146852
 20
384.0741409092554
 30
0.0
 10
243.9665033712693
 20
384.0142677970307
 30
0.0
 10
243.137349135208
 20
383.9370423831728
 30
0.0
 10
242.374260472994
 20
383.8223581281554
 30
0.0
 10
241.6719890587499
 20
383.6938574394213
 30
0.0
 10
241.034251395124
 20
383.5374798747561
 30
0.0
 10
240.456671283154
 20
383.3524588879499
 30
0.0
 10
239.9294466146448
 20
383.1417180133516
 30
0.0
 10
239.4388549391493
 20
382.9116240312889
 30
0.0
 10
238.9791008861582
 20
382.6644404993503
 30
0.0
 10
238.5543141282431
 20
382.3878043781944
 30
0.0
 10
238.1631093946858
 20
382.0865236336183
 30
0.0
 10
237.798562554404
 20
381.7674034101632
 30
0.0
 10
237.4734644612828
 20
381.4185337988062
 30
0.0
 10
237.0835609990689
 20
380.9359066386355
 30
0.0
 10
236.6806507142884
 20
380.2987550813649
 30
0.0
 10
236.329796233796
 20
379.4959666348306
 30
0.0
 10
236.1093064071158
 20
378.6710584477077
 30
0.0
 10
236.0812665781843
 20
378.1111608042197
 30
0.0
 10
236.0672710303329
 20
377.8316985335869
 30
0.0
  0
SPLINE
  5
184
330
1F
100
AcDbEntity
  8
0
  6
Continuous
 62
     7
370
    25
100
AcDbSpline
210
0.0
220
0.0
230
1.0
 70
     8
 71
     3
 72
    31
 73
    27
 74
     0
 42
0.00000001
 43
0.00000001
 40
0.0
 40
0.0
 40
0.0
 40
0.0
 40
0.0685946222587424
 40
0.1332460424433009
 40
0.1943125864682562
 40
0.2512792231169662
 40
0.3045134392563467
 40
0.3542349066533249
 40
0.4004805887739888
 40
0.4434107549384918
 40
0.484014868616345
 40
0.523252300773203
 40
0.56104237272836
 40
0.5979002393643998
 40
0.6335184888561955
 40
0.6683143511696513
 40
0.7024956712863817
 40
0.7366853535134584
 40
0.7702931693607888
 40
0.803437255019249
 40
0.8359129516660286
 40
0.8684602457892908
 40
0.9008465382431826
 40
0.9334665246307077
 40
0.9662575752981231
 40
1.0
 40
1.0
 40
1.0
 40
1.0
 10
246.8032485944355
 20
386.4001280207663
 30
0.0
 10
247.2103553511354
 20
386.3977475461379
 30
0.0
 10
248.0011660939599
 20
386.3931234398605
 30
0.0
 10
249.153488924959
 20
386.3416817564511
 30
0.0
 10
250.2345150222383
 20
386.2562264150927
 30
0.0
 10
251.24429613006
 20
386.1391151949792
 30
0.0
 10
252.1830929354171
 20
385.9965995670709
 30
0.0
 10
253.0483966014919
 20
385.8063500357356
 30
0.0
 10
253.844212032341
 20
385.589994268187
 30
0.0
 10
254.5731343269956
 20
385.3392422328765
 30
0.0
 10
255.2449839432136
 20
385.0563022782862
 30
0.0
 10
255.8721839754597
 20
384.748350786189
 30
0.0
 10
256.4537854272969
 20
384.4031662780865
 30
0.0
 10
256.9990711063445
 20
384.0404766814154
 30
0.0
 10
257.4991150628375
 20
383.6456005044593
 30
0.0
 10
257.9609789565433
 20
383.229774996497
 30
0.0
 10
258.3739884027664
 20
382.7767705230156
 30
0.0
 10
258.7502444257896
 20
382.3019864058311
 30
0.0
 10
259.0800777344945
 20
381.8011240642455
 30
0.0
 10
259.3706010375918
 20
381.2884601442348
 30
0.0
 10
259.6187943599755
 20
380.7604659474518
 30
0.0
 10
259.8139420944991
 20
380.2156999344211
 30
0.0
 10
259.975129382506
 20
379.6590585143073
 30
0.0
 10
260.0853577454268
 20
379.0885958017477
 30
0.0
 10
260.154713595607
 20
378.5033699034669
 30
0.0
 10
260.1613442129215
 20
378.1083532052175
 30
0.0
 10
260.1647069277687
 20
377.9080206489714
 30
0.0
  0
SPLINE
  5
185
330
1F
100
AcDbEntity
  8
0
  6
Continuous
 62
     7
370
    25
100
AcDbSpline
210
0.0
220
0.0
230
1.0
 70
     8
 71
     3
 72
    31
 73
    27
 74
     0
 42
0.00000001
 43
0.00000001
 40
0.0
 40
0.0
 40
0.0
 40
0.0
 40
0.0337881161627104
 40
0.0671939323738801
 40
0.0998624108568252
 40
0.1325666121262583
 40
0.1651511732547863
 40
0.197913187355792
 40
0.2313190035669618
 40
0.2650832782673734
 40
0.299255308758115
 40
0.3343985665049786
 40
0.3699428235093078
 40
0.4062835607000611
 40
0.4440638196985084
 40
0.4829977068727755
 40
0.5233544466133045
 40
0.5655365896041492
 40
0.6096129240658195
 40
0.6563908113764172
 40
0.7058854949364574
 40
0.7583245002617311
 40
0.8138317829411501
 40
0.87279455903939
 40
0.9347222295400741
 40
1.0
 40
1.0
 40
1.0
 40
1.0
 10
260.1647069277687
 20
377.9080206489714
 30
0.0
 10
260.1611667833511
 20
377.7060146051136
 30
0.0
 10
260.1541265499314
 20
377.3042881405564
 30
0.0
 10
260.086461366966
 20
376.7103608459146
 30
0.0
 10
259.9741852164912
 20
376.1301545843287
 30
0.0
 10
259.815101572377
 20
375.5661429491662
 30
0.0
 10
259.6177386617629
 20
375.0136930473715
 30
0.0
 10
259.3703635833135
 20
374.4771259747431
 30
0.0
 10
259.082408374585
 20
373.9531088679694
 30
0.0
 10
258.744052236417
 20
373.4499690671107
 30
0.0
 10
258.3668094320176
 20
372.9621830014563
 30
0.0
 10
257.9403603498448
 20
372.5017320701731
 30
0.0
 10
257.4690109585809
 20
372.0685743610886
 30
0.0
 10
256.9578042892323
 20
371.6572735734285
 30
0.0
 10
256.3969353878686
 20
371.2794986680397
 30
0.0
 10
255.7961592766459
 20
370.9197371883884
 30
0.0
 10
255.1449695721423
 20
370.5977229849877
 30
0.0
 10
254.4542313198102
 20
370.287591342263
 30
0.0
 10
253.7048321958989
 20
370.0198972099268
 30
0.0
 10
252.9009965052819
 20
369.7784793156649
 30
0.0
 10
252.0332295492605
 20
369.5834148008639
 30
0.0
 10
251.1060842262617
 20
369.4209326530386
 30
0.0
 10
250.1161556336046
 20
369.295058265319
 30
0.0
 10
249.0655658010335
 20
369.2033813770918
 30
0.0
 10
247.9536235375263
 20
369.1549538456489
 30
0.0
 10
247.1933808606406
 20
369.1458337854634
 30
0.0
 10
246.8032485944355
 20
369.141153661792
 30
0.0
  0
SPLINE
  5
186
330
1F
100
AcDbEntity
  8
0
  6
Continuous
 62
     7
370
    25
100
AcDbSpline
210
0.0
220
0.0
230
1.0
 70
     8
 71
     3
 72
    31
 73
    27
 74
     0
 42
0.00000001
 43
0.00000001
 40
0.0
 40
0.0
 40
0.0
 40
0.0
 40
0.0650632896172791
 40
0.1267731664665229
 40
0.1855157632260791
 40
0.240764679167715
 40
0.2929797960235981
 40
0.3422503727797674
 40
0.3889192861856604
 40
0.4327756640583103
 40
0.4746284326311178
 40
0.5147746906379534
 40
0.5536058934984426
 40
0.5914264064311731
 40
0.6280281199460672
 40
0.6638036341103205
 40
0.6989843361316637
 40
0.7335914893067054
 40
0.7676284691511396
 40
0.8012083477865919
 40
0.8342638397266232
 40
0.8669806947287763
 40
0.8997197415181606
 40
0.9327019124985383
 40
0.9661758834327495
 40
1.0
 40
1.0
 40
1.0
 40
1.0
 10
246.8032485944355
 20
369.141153661792
 30
0.0
 10
246.4148179482357
 20
369.1458823039107
 30
0.0
 10
245.657976674746
 20
369.1550958702398
 30
0.0
 10
244.5510375967109
 20
369.2028384850684
 30
0.0
 10
243.5060232253442
 20
369.2968811227655
 30
0.0
 10
242.5204272977867
 20
369.4145193236349
 30
0.0
 10
241.5983520068275
 20
369.5774491692135
 30
0.0
 10
240.7366065808033
 20
369.7777838042941
 30
0.0
 10
239.9314696035742
 20
370.0002175756293
 30
0.0
 10
239.1895369707476
 20
370.2747900814547
 30
0.0
 10
238.500458753386
 20
370.5753135222604
 30
0.0
 10
237.8569885912219
 20
370.9022855173616
 30
0.0
 10
237.2534389243468
 20
371.2525865409549
 30
0.0
 10
236.6946407609036
 20
371.6342305761197
 30
0.0
 10
236.1766356495747
 20
372.0410182033166
 30
0.0
 10
235.7085671880465
 20
372.4816558705572
 30
0.0
 10
235.2791571686568
 20
372.9437224024402
 30
0.0
 10
234.8970567865028
 20
373.4329439344923
 30
0.0
 10
234.5626127757132
 20
373.943930620577
 30
0.0
 10
234.2635179757559
 20
374.4661479216891
 30
0.0
 10
234.0223435602513
 20
375.0088616179808
 30
0.0
 10
233.8152606914413
 20
375.5597727606464
 30
0.0
 10
233.6570516977533
 20
376.1267614747378
 30
0.0
 10
233.5476585748324
 20
376.7091209957412
 30
0.0
 10
233.470937160332
 20
377.3038891079094
 30
0.0
 10
233.4650844206655
 20
377.7059461802133
 30
0.0
 10
233.4621428252047
 20
377.9080206489714
 30
0.0
  0
SPLINE
  5
187
330
1F
100
AcDbEntity
  8
0
  6
Continuous
 62
     7
370
    25
100
AcDbSpline
210
0.0
220
0.0
230
1.0
 70
     8
 71
     3
 72
    31
 73
    27
 74
     0
 42
0.00000001
 43
0.00000001
 40
0.0
 40
0.0
 40
0.0
 40
0.0
 40
0.0337871463469911
 40
0.0666216577242939
 40
0.0992848780959722
 40
0.1313611650426506
 40
0.1635851875953432
 40
0.1961039269870679
 40
0.2289022543238168
 40
0.2621580559050073
 40
0.2959912222583163
 40
0.3302178457247998
 40
0.3650598258919538
 40
0.4009507373401076
 40
0.4376203820767376
 40
0.4757075294370919
 40
0.5153806916250483
 40
0.5564135414931642
 40
0.5997648298727309
 40
0.6464241555840872
 40
0.6964314445175667
 40
0.7497815178015574
 40
0.8065733069755322
 40
0.8674355315653993
 40
0.931886753250874
 40
1.0
 40
1.0
 40
1.0
 40
1.0
 10
233.4621428252047
 20
377.9080206489714
 30
0.0
 10
233.4655272333915
 20
378.1083476476073
 30
0.0
 10
233.4722006257373
 20
378.5033533873341
 30
0.0
 10
233.5412431342516
 20
379.0886595605233
 30
0.0
 10
233.6522447861355
 20
379.6567664357732
 30
0.0
 10
233.8076681415394
 20
380.2104773936461
 30
0.0
 10
233.9979129536572
 20
380.7526332459677
 30
0.0
 10
234.2457711146617
 20
381.2758462976984
 30
0.0
 10
234.5312240722278
 20
381.7859340593392
 30
0.0
 10
234.8563108449513
 20
382.281535637299
 30
0.0
 10
235.2287596310831
 20
382.7533381774167
 30
0.0
 10
235.6407061832651
 20
383.2039966274085
 30
0.0
 10
236.1024303681092
 20
383.6221896231408
 30
0.0
 10
236.6066415815195
 20
384.0114199170494
 30
0.0
 10
237.1487011115914
 20
384.3813461570985
 30
0.0
 10
237.7360098759782
 20
384.7216290377582
 30
0.0
 10
238.3662391063885
 20
385.0363775215664
 30
0.0
 10
239.0434605152878
 20
385.3240759967037
 30
0.0
 10
239.7775562774702
 20
385.5791548690691
 30
0.0
 10
240.5769246014597
 20
385.804472522235
 30
0.0
 10
241.4486209321159
 20
385.9823752650178
 30
0.0
 10
242.3856441105378
 20
386.1346515694336
 30
0.0
 10
243.3920206339094
 20
386.2574742349492
 30
0.0
 10
244.4682968527514
 20
386.3413256244025
 30
0.0
 10
245.613802083244
 20
386.3931511678049
 30
0.0
 10
246.3995313025703
 20
386.397759964568
 30
0.0
 10
246.8032485944355
 20
386.4001280207663
 30
0.0
  0
SPLINE
  5
188
330
1F
100
AcDbEntity
  8
0
  6
Continuous
 62
     7
370
    25
100
AcDbSpline
210
0.0
220
0.0
230
1.0
 70
     8
 71
     3
 72
    19
 73
    15
 74
     0
 42
0.00000001
 43
0.00000001
 40
0.0
 40
0.0
 40
0.0
 40
0.0
 40
0.1128134007444581
 40
0.2253938839207294
 40
0.3395948145627009
 40
0.4596754102248634
 40
0.5217351900879332
 40
0.583925838738916
 40
0.6481741447653696
 40
0.7138810381130662
 40
0.7810044549073892
 40
0.851450927556555
 40
0.9240506926641777
 40
1.0
 40
1.0
 40
1.0
 40
1.0
 10
236.0672710303329
 20
358.2932369951253
 30
0.0
 10
236.0788663539367
 20
358.0119670351093
 30
0.0
 10
236.1020330611287
 20
357.4500078325689
 30
0.0
 10
236.3255438980731
 20
356.6289797192357
 30
0.0
 10
236.6627799844666
 20
355.8319257592101
 30
0.0
 10
237.0615418809379
 20
355.2072893926148
 30
0.0
 10
237.4412960432414
 20
354.7320732197757
 30
0.0
 10
237.7650709195694
 20
354.39158992015
 30
0.0
 10
238.1276077851645
 20
354.0790824829486
 30
0.0
 10
238.5187626755185
 20
353.7826857111467
 30
0.0
 10
238.9460087035225
 20
353.5108398476775
 30
0.0
 10
239.4072913925959
 20
353.2636387912608
 30
0.0
 10
239.9038917123015
 20
353.0380624976473
 30
0.0
 10
240.2505635333135
 20
352.9095454213227
 30
0.0
 10
240.4278078893072
 20
352.8438379566637
 30
0.0
  0
SPLINE
  5
189
330
1F
100
AcDbEntity
  8
0
  6
Continuous
 62
     7
370
    25
100
AcDbSpline
210
0.0
220
0.0
230
1.0
 70
     8
 71
     3
 72
    15
 73
    11
 74
     0
 42
0.00000001
 43
0.00000001
 40
0.0
 40
0.0
 40
0.0
 40
0.0
 40
0.1105883385953361
 40
0.2245417540535959
 40
0.3425034940501039
 40
0.4643240984173579
 40
0.5907560327017664
 40
0.7222274753555145
 40
0.8588428362087245
 40
1.0
 40
1.0
 40
1.0
 40
1.0
 10
240.4278078893072
 20
352.8438379566637
 30
0.0
 10
240.6544465700057
 20
352.767262270389
 30
0.0
 10
241.1146202876583
 20
352.6117807871477
 30
0.0
 10
241.8284593627567
 20
352.4113981967258
 30
0.0
 10
242.5774165639063
 20
352.253588728219
 30
0.0
 10
243.3570159823773
 20
352.1116145882089
 30
0.0
 10
244.1730069554284
 20
352.0147095539823
 30
0.0
 10
245.0228647129884
 20
351.9367111375839
 30
0.0
 10
245.9072300274971
 20
351.8907684380819
 30
0.0
 10
246.5080851064569
 20
351.8850733874499
 30
0.0
 10
246.8134248764867
 20
351.8821793028176
 30
0.0
  0
SPLINE
  5
18A
330
1F
100
AcDbEntity
  8
0
  6
Continuous
 62
     7
370
    25
100
AcDbSpline
210
0.0
220
0.0
230
1.0
 70
     8
 71
     3
 72
    27
 73
    23
 74
     0
 42
0.00000001
 43
0.00000001
 40
0.0
 40
0.0
 40
0.0
 40
0.0
 40
0.0656811979906388
 40
0.1284864641740649
 40
0.1881751303280078
 40
0.2451061306699864
 40
0.2994484245294755
 40
0.3508229360093821
 40
0.3999416805337776
 40
0.4466717436323722
 40
0.4912545333734981
 40
0.5333763442704363
 40
0.5738527549682237
 40
0.6125263117194528
 40
0.6495971364453291
 40
0.6855320415538503
 40
0.7201057860682004
 40
0.7538376629736497
 40
0.8189254160467137
 40
0.8804934616501636
 40
0.940311333846057
 40
1.0
 40
1.0
 40
1.0
 40
1.0
 10
246.8134248764867
 20
351.8821793028176
 30
0.0
 10
247.1187152599034
 20
351.8861721046795
 30
0.0
 10
247.7159285128824
 20
351.8939828786769
 30
0.0
 10
248.5905461668304
 20
351.9238386751365
 30
0.0
 10
249.4212550602854
 20
352.0009354728784
 30
0.0
 10
250.2116339190493
 20
352.0865633640665
 30
0.0
 10
250.9573075443905
 20
352.2128174828492
 30
0.0
 10
251.6645183311078
 20
352.3489455670662
 30
0.0
 10
252.3245048540824
 20
352.5318343648295
 30
0.0
 10
252.9476001042181
 20
352.7271950174978
 30
0.0
 10
253.5267248540239
 20
352.9507904593545
 30
0.0
 10
254.0645791893363
 20
353.1969217879666
 30
0.0
 10
254.5637597632858
 20
353.4597882658904
 30
0.0
 10
255.022896996441
 20
353.7453005252233
 30
0.0
 10
255.4440474507104
 20
354.0500691966113
 30
0.0
 10
255.8187670797817
 20
354.3821382679308
 30
0.0
 10
256.1586696483409
 20
354.7283357163295
 30
0.0
 10
256.5466551499662
 20
355.2132375791639
 30
0.0
 10
256.9422543114726
 20
355.8480509965725
 30
0.0
 10
257.3063143973162
 20
356.6379594087148
 30
0.0
 10
257.5153802923365
 20
357.4599806555659
 30
0.0
 10
257.5448565354132
 20
358.0156851509767
 30
0.0
 10
257.5595787226406
 20
358.2932369951253
 30
0.0
  0
SPLINE
  5
18B
330
1F
100
AcDbEntity
  8
0
  6
Continuous
 62
     7
370
    25
100
AcDbSpline
210
0.0
220
0.0
230
1.0
 70
     8
 71
     3
 72
    27
 73
    23
 74
     0
 42
0.00000001
 43
0.00000001
 40
0.0
 40
0.0
 40
0.0
 40
0.0
 40
0.0603866193110621
 40
0.1208832485859959
 40
0.1827546186251395
 40
0.247811029758351
 40
0.2812991000432489
 40
0.3150876241506569
 40
0.3497023955502754
 40
0.3848565811185556
 40
0.4209661972261025
 40
0.4585111882611391
 40
0.4971747221273122
 40
0.5376020478662696
 40
0.5805030184200116
 40
0.6274675400267048
 40
0.6783882095592435
 40
0.7339832205925605
 40
0.793746704550835
 40
0.8577136721607322
 40
0.9266978643613861
 40
1.0
 40
1.0
 40
1.0
 40
1.0
 10
257.5595787226406
 20
358.2932369951253
 30
0.0
 10
257.5448362241148
 20
358.5741652919838
 30
0.0
 10
257.5153243697603
 20
359.1365336698037
 30
0.0
 10
257.3070933294099
 20
359.9670988269636
 30
0.0
 10
256.9441420908912
 20
360.7632389788821
 30
0.0
 10
256.5453448735743
 20
361.3963737094086
 30
0.0
 10
256.1655182705406
 20
361.8816137600637
 30
0.0
 10
255.8361422896592
 20
362.2232995919978
 30
0.0
 10
255.4758523294094
 20
362.5436746703778
 30
0.0
 10
255.0810498616382
 20
362.8388059799481
 30
0.0
 10
254.656758338808
 20
363.1152253494005
 30
0.0
 10
254.1996398748018
 20
363.3690875549499
 30
0.0
 10
253.7073779744232
 20
363.5978133188846
 30
0.0
 10
253.1803901288106
 20
363.8088839528779
 30
0.0
 10
252.6028598463355
 20
363.9944693288396
 30
0.0
 10
251.9659077214001
 20
364.1475512334229
 30
0.0
 10
251.2658699924157
 20
364.2889715617787
 30
0.0
 10
250.4986484204707
 20
364.3890857989428
 30
0.0
 10
249.6692865074482
 20
364.4780856264707
 30
0.0
 10
248.7746453980124
 20
364.535281694467
 30
0.0
 10
247.8162353230925
 20
364.5797771058152
 30
0.0
 10
247.1543900013876
 20
364.5813625329048
 30
0.0
 10
246.8134248764867
 20
364.5821793028176
 30
0.0
  0
SPLINE
  5
18C
330
1F
100
AcDbEntity
  8
0
  6
Continuous
 62
     7
370
    25
100
AcDbSpline
210
0.0
220
0.0
230
1.0
 70
     8
 71
     3
 72
    27
 73
    23
 74
     0
 42
0.00000001
 43
0.00000001
 40
0.0
 40
0.0
 40
0.0
 40
0.0
 40
0.0729510658758665
 40
0.1415836941865451
 40
0.205926460170867
 40
0.2653013571846054
 40
0.3205972327139282
 40
0.3718165030988103
 40
0.418789769709452
 40
0.4616987286157644
 40
0.5021335821035656
 40
0.540804315292648
 40
0.5781805253279663
 40
0.6142968652075144
 40
0.6496782432647874
 40
0.6842994600896376
 40
0.7183589527723608
 40
0.7520808646475968
 40
0.8176524386023853
 40
0.8797220764054372
 40
0.9399655597309877
 40
0.9999999999999999
 40
0.9999999999999999
 40
0.9999999999999999
 40
0.9999999999999999
 10
246.8134248764867
 20
364.5821793028176
 30
0.0
 10
246.4741628908816
 20
364.5813124583848
 30
0.0
 10
245.8157219943392
 20
364.5796300835543
 30
0.0
 10
244.8589166146852
 20
364.5356793707939
 30
0.0
 10
243.9665033712693
 20
364.4758062585692
 30
0.0
 10
243.137349135208
 20
364.3985808447112
 30
0.0
 10
242.374260472994
 20
364.2838965896938
 30
0.0
 10
241.6719890587499
 20
364.1553959009598
 30
0.0
 10
241.034251395124
 20
363.9990183362946
 30
0.0
 10
240.456671283154
 20
363.8139973494883
 30
0.0
 10
239.9294466146448
 20
363.60325647489
 30
0.0
 10
239.4388549391493
 20
363.3731624928273
 30
0.0
 10
238.9791008861582
 20
363.1259789608888
 30
0.0
 10
238.5543141282431
 20
362.8493428397329
 30
0.0
 10
238.1631093946858
 20
362.5480620951567
 30
0.0
 10
237.798562554404
 20
362.2289418717017
 30
0.0
 10
237.4734644612828
 20
361.8800722603447
 30
0.0
 10
237.083560999069
 20
361.397445100174
 30
0.0
 10
236.6806507142884
 20
360.7602935429034
 30
0.0
 10
236.329796233796
 20
359.9575050963691
 30
0.0
 10
236.1093064071158
 20
359.1325969092462
 30
0.0
 10
236.0812665781843
 20
358.5726992657582
 30
0.0
 10
236.0672710303329
 20
358.2932369951253
 30
0.0
  0
SPLINE
  5
18D
330
1F
100
AcDbEntity
  8
0
  6
Continuous
 62
     7
370
    25
100
AcDbSpline
210
0.0
220
0.0
230
1.0
 70
     8
 71
     3
 72
    31
 73
    27
 74
     0
 42
0.00000001
 43
0.00000001
 40
0.0
 40
0.0
 40
0.0
 40
0.0
 40
0.0685946222587424
 40
0.1332460424433009
 40
0.1943125864682561
 40
0.2512792231169662
 40
0.3045134392563466
 40
0.3542349066533248
 40
0.4004805887739888
 40
0.4434107549384918
 40
0.4840148686163449
 40
0.523252300773203
 40
0.5610423727283599
 40
0.5979002393643997
 40
0.6335184888561955
 40
0.6683143511696513
 40
0.7024956712863817
 40
0.7366853535134584
 40
0.7702931693607888
 40
0.803437255019249
 40
0.8359129516660287
 40
0.8684602457892907
 40
0.9008465382431824
 40
0.9334665246307079
 40
0.9662575752981228
 40
1.0
 40
1.0
 40
1.0
 40
1.0
 10
246.8032485944355
 20
366.8616664823048
 30
0.0
 10
247.2103553511354
 20
366.8592860076763
 30
0.0
 10
248.0011660939599
 20
366.854661901399
 30
0.0
 10
249.153488924959
 20
366.8032202179896
 30
0.0
 10
250.2345150222383
 20
366.7177648766311
 30
0.0
 10
251.24429613006
 20
366.6006536565177
 30
0.0
 10
252.1830929354171
 20
366.4581380286093
 30
0.0
 10
253.0483966014919
 20
366.2678884972741
 30
0.0
 10
253.844212032341
 20
366.0515327297255
 30
0.0
 10
254.5731343269956
 20
365.800780694415
 30
0.0
 10
255.2449839432136
 20
365.5178407398247
 30
0.0
 10
255.8721839754597
 20
365.2098892477274
 30
0.0
 10
256.4537854272969
 20
364.8647047396249
 30
0.0
 10
256.9990711063445
 20
364.5020151429539
 30
0.0
 10
257.4991150628375
 20
364.1071389659978
 30
0.0
 10
257.9609789565433
 20
363.6913134580354
 30
0.0
 10
258.3739884027664
 20
363.238308984554
 30
0.0
 10
258.7502444257896
 20
362.7635248673696
 30
0.0
 10
259.0800777344945
 20
362.262662525784
 30
0.0
 10
259.3706010375918
 20
361.7499986057733
 30
0.0
 10
259.6187943599755
 20
361.2220044089902
 30
0.0
 10
259.8139420944991
 20
360.6772383959595
 30
0.0
 10
259.975129382506
 20
360.1205969758458
 30
0.0
 10
260.0853577454268
 20
359.5501342632861
 30
0.0
 10
260.154713595607
 20
358.9649083650054
 30
0.0
 10
260.1613442129215
 20
358.569891666756
 30
0.0
 10
260.1647069277687
 20
358.3695591105099
 30
0.0
  0
SPLINE
  5
18E
330
1F
100
AcDbEntity
  8
0
  6
Continuous
 62
     7
370
    25
100
AcDbSpline
210
0.0
220
0.0
230
1.0
 70
     8
 71
     3
 72
    31
 73
    27
 74
     0
 42
0.00000001
 43
0.00000001
 40
0.0
 40
0.0
 40
0.0
 40
0.0
 40
0.0337881161627102
 40
0.0671939323738799
 40
0.0998624108568251
 40
0.1325666121262583
 40
0.1651511732547863
 40
0.197913187355792
 40
0.2313190035669618
 40
0.2650832782673734
 40
0.299255308758115
 40
0.3343985665049786
 40
0.3699428235093078
 40
0.4062835607000611
 40
0.4440638196985084
 40
0.4829977068727755
 40
0.5233544466133045
 40
0.5655365896041492
 40
0.6096129240658195
 40
0.6563908113764172
 40
0.7058854949364574
 40
0.7583245002617311
 40
0.8138317829411501
 40
0.87279455903939
 40
0.9347222295400741
 40
1.0
 40
1.0
 40
1.0
 40
1.0
 10
260.1647069277687
 20
358.3695591105099
 30
0.0
 10
260.1611667833511
 20
358.1675530666521
 30
0.0
 10
260.1541265499314
 20
357.7658266020949
 30
0.0
 10
260.086461366966
 20
357.1718993074531
 30
0.0
 10
259.9741852164912
 20
356.5916930458671
 30
0.0
 10
259.815101572377
 20
356.0276814107048
 30
0.0
 10
259.6177386617629
 20
355.47523150891
 30
0.0
 10
259.3703635833135
 20
354.9386644362816
 30
0.0
 10
259.082408374585
 20
354.4146473295078
 30
0.0
 10
258.744052236417
 20
353.9115075286491
 30
0.0
 10
258.3668094320176
 20
353.4237214629947
 30
0.0
 10
257.9403603498448
 20
352.9632705317115
 30
0.0
 10
257.4690109585809
 20
352.5301128226271
 30
0.0
 10
256.9578042892323
 20
352.118812034967
 30
0.0
 10
256.3969353878686
 20
351.7410371295782
 30
0.0
 10
255.7961592766459
 20
351.3812756499267
 30
0.0
 10
255.1449695721423
 20
351.0592614465261
 30
0.0
 10
254.4542313198102
 20
350.7491298038015
 30
0.0
 10
253.7048321958989
 20
350.4814356714652
 30
0.0
 10
252.9009965052819
 20
350.2400177772033
 30
0.0
 10
252.0332295492605
 20
350.0449532624024
 30
0.0
 10
251.1060842262617
 20
349.882471114577
 30
0.0
 10
250.1161556336046
 20
349.7565967268574
 30
0.0
 10
249.0655658010335
 20
349.6649198386302
 30
0.0
 10
247.9536235375263
 20
349.6164923071874
 30
0.0
 10
247.1933808606406
 20
349.6073722470018
 30
0.0
 10
246.8032485944355
 20
349.6026921233304
 30
0.0
  0
SPLINE
  5
18F
330
1F
100
AcDbEntity
  8
0
  6
Continuous
 62
     7
370
    25
100
AcDbSpline
210
0.0
220
0.0
230
1.0
 70
     8
 71
     3
 72
    31
 73
    27
 74
     0
 42
0.00000001
 43
0.00000001
 40
0.0
 40
0.0
 40
0.0
 40
0.0
 40
0.0650632896172791
 40
0.126773166466523
 40
0.1855157632260791
 40
0.2407646791677149
 40
0.2929797960235981
 40
0.3422503727797675
 40
0.3889192861856604
 40
0.4327756640583104
 40
0.4746284326311178
 40
0.5147746906379534
 40
0.5536058934984425
 40
0.5914264064311731
 40
0.6280281199460672
 40
0.6638036341103205
 40
0.6989843361316636
 40
0.7335914893067053
 40
0.7676284691511395
 40
0.8012083477865919
 40
0.8342638397266232
 40
0.8669806947287761
 40
0.8997197415181606
 40
0.9327019124985384
 40
0.9661758834327496
 40
1.0
 40
1.0
 40
1.0
 40
1.0
 10
246.8032485944355
 20
349.6026921233304
 30
0.0
 10
246.4148179482357
 20
349.6074207654491
 30
0.0
 10
245.657976674746
 20
349.6166343317783
 30
0.0
 10
244.5510375967109
 20
349.6643769466069
 30
0.0
 10
243.5060232253442
 20
349.758419584304
 30
0.0
 10
242.5204272977867
 20
349.8760577851733
 30
0.0
 10
241.5983520068275
 20
350.0389876307519
 30
0.0
 10
240.7366065808033
 20
350.2393222658326
 30
0.0
 10
239.9314696035742
 20
350.4617560371677
 30
0.0
 10
239.1895369707476
 20
350.7363285429932
 30
0.0
 10
238.500458753386
 20
351.0368519837988
 30
0.0
 10
237.8569885912219
 20
351.3638239789001
 30
0.0
 10
237.2534389243468
 20
351.7141250024933
 30
0.0
 10
236.6946407609036
 20
352.0957690376582
 30
0.0
 10
236.1766356495747
 20
352.5025566648551
 30
0.0
 10
235.7085671880465
 20
352.9431943320956
 30
0.0
 10
235.2791571686568
 20
353.4052608639786
 30
0.0
 10
234.8970567865028
 20
353.8944823960307
 30
0.0
 10
234.5626127757132
 20
354.4054690821155
 30
0.0
 10
234.2635179757559
 20
354.9276863832276
 30
0.0
 10
234.0223435602513
 20
355.4704000795193
 30
0.0
 10
233.8152606914413
 20
356.0213112221848
 30
0.0
 10
233.6570516977533
 20
356.5882999362762
 30
0.0
 10
233.5476585748324
 20
357.1706594572796
 30
0.0
 10
233.470937160332
 20
357.7654275694478
 30
0.0
 10
233.4650844206655
 20
358.1674846417517
 30
0.0
 10
233.4621428252047
 20
358.3695591105099
 30
0.0
  0
SPLINE
  5
190
330
1F
100
AcDbEntity
  8
0
  6
Continuous
 62
     7
370
    25
100
AcDbSpline
210
0.0
220
0.0
230
1.0
 70
     8
 71
     3
 72
    31
 73
    27
 74
     0
 42
0.00000001
 43
0.00000001
 40
0.0
 40
0.0
 40
0.0
 40
0.0
 40
0.0337871463469912
 40
0.0666216577242937
 40
0.0992848780959723
 40
0.1313611650426505
 40
0.1635851875953431
 40
0.1961039269870681
 40
0.2289022543238168
 40
0.2621580559050073
 40
0.2959912222583164
 40
0.3302178457247997
 40
0.3650598258919539
 40
0.4009507373401075
 40
0.4376203820767375
 40
0.4757075294370918
 40
0.5153806916250482
 40
0.5564135414931641
 40
0.5997648298727309
 40
0.6464241555840871
 40
0.6964314445175666
 40
0.7497815178015573
 40
0.8065733069755322
 40
0.8674355315653994
 40
0.9318867532508739
 40
1.0
 40
1.0
 40
1.0
 40
1.0
 10
233.4621428252047
 20
358.3695591105099
 30
0.0
 10
233.4655272333915
 20
358.5698861091457
 30
0.0
 10
233.4722006257373
 20
358.9648918488726
 30
0.0
 10
233.5412431342516
 20
359.5501980220618
 30
0.0
 10
233.6522447861355
 20
360.1183048973116
 30
0.0
 10
233.8076681415394
 20
360.6720158551846
 30
0.0
 10
233.9979129536572
 20
361.2141717075062
 30
0.0
 10
234.2457711146617
 20
361.7373847592368
 30
0.0
 10
234.5312240722278
 20
362.2474725208777
 30
0.0
 10
234.8563108449513
 20
362.7430740988375
 30
0.0
 10
235.2287596310831
 20
363.2148766389551
 30
0.0
 10
235.6407061832651
 20
363.665535088947
 30
0.0
 10
236.1024303681092
 20
364.0837280846793
 30
0.0
 10
236.6066415815195
 20
364.4729583785879
 30
0.0
 10
237.1487011115914
 20
364.842884618637
 30
0.0
 10
237.7360098759782
 20
365.1831674992967
 30
0.0
 10
238.3662391063885
 20
365.4979159831048
 30
0.0
 10
239.0434605152878
 20
365.7856144582422
 30
0.0
 10
239.7775562774702
 20
366.0406933306076
 30
0.0
 10
240.5769246014597
 20
366.2660109837735
 30
0.0
 10
241.4486209321159
 20
366.4439137265563
 30
0.0
 10
242.3856441105378
 20
366.596190030972
 30
0.0
 10
243.3920206339094
 20
366.7190126964877
 30
0.0
 10
244.4682968527514
 20
366.8028640859411
 30
0.0
 10
245.6138020832441
 20
366.8546896293433
 30
0.0
 10
246.3995313025703
 20
366.8592984261065
 30
0.0
 10
246.8032485944355
 20
366.8616664823048
 30
0.0
  0
LINE
  5
191
330
1F
100
AcDbEntity
  8
0
  6
Continuous
 62
     7
370
    25
100
AcDbLine
 10
266.4718842611
 20
426.3578587699
 30
0.0
 11
222.5932638027
 21
426.3578587699
 31
0.0
  0
ARC
  5
192
330
1F
100
AcDbEntity
  8
0
  6
Continuous
 62
     7
370
    25
100
AcDbCircle
 10
266.4718842611
 20
414.3578587699
 30
0.0
 40
12.00000000000006
100
AcDbArc
 50
30.0
 51
90.0
  0
LINE
  5
193
330
1F
100
AcDbEntity
  8
0
  6
Continuous
 62
     7
370
    25
100
AcDbLine
 10
298.8034993357
 20
382.3578587699
 30
0.0
 11
276.8641891065
 21
420.3578587699
 31
0.0
  0
ARC
  5
194
330
1F
100
AcDbEntity
  8
0
  6
Continuous
 62
     7
370
    25
100
AcDbCircle
 10
288.4111944903
 20
376.3578587699
 30
0.0
 40
12.00000000000003
100
AcDbArc
 50
330.0
 51
30.0
  0
LINE
  5
195
330
1F
100
AcDbEntity
  8
0
  6
Continuous
 62
     7
370
    25
100
AcDbLine
 10
276.8641891065
 20
332.3578587699
 30
0.0
 11
298.8034993357
 21
370.3578587699
 31
0.0
  0
ARC
  5
196
330
1F
100
AcDbEntity
  8
0
  6
Continuous
 62
     7
370
    25
100
AcDbCircle
 10
266.4718842611
 20
338.3578587699
 30
0.0
 40
12.0
100
AcDbArc
 50
270.0
 51
330.0
  0
LINE
  5
197
330
1F
100
AcDbEntity
  8
0
  6
Continuous
 62
     7
370
    25
100
AcDbLine
 10
222.5932638027
 20
326.3578587699
 30
0.0
 11
266.4718842611
 21
326.3578587699
 31
0.0
  0
ARC
  5
198
330
1F
100
AcDbEntity
  8
0
  6
Continuous
 62
     7
370
    25
100
AcDbCircle
 10
222.5932638027
 20
338.3578587699
 30
0.0
 40
12.00000000000002
100
AcDbArc
 50
210.0
 51
270.0
  0
LINE
  5
199
330
1F
100
AcDbEntity
  8
0
  6
Continuous
 62
     7
370
    25
100
AcDbLine
 10
190.2616487281
 20
370.3578587699
 30
0.0
 11
212.2009589573
 21
332.3578587699
 31
0.0
  0
ARC
  5
19A
330
1F
100
AcDbEntity
  8
0
  6
Continuous
 62
     7
370
    25
100
AcDbCircle
 10
200.6539535735
 20
376.3578587699
 30
0.0
 40
12.00000000000003
100
AcDbArc
 50
150.0
 51
210.0
  0
LINE
  5
19B
330
1F
100
AcDbEntity
  8
0
  6
Continuous
 62
     7
370
    25
100
AcDbLine
 10
212.2009589573
 20
420.3578587699
 30
0.0
 11
190.2616487281
 21
382.3578587699
 31
0.0
  0
ARC
  5
19C
330
1F
100
AcDbEntity
  8
0
  6
Continuous
 62
     7
370
    25
100
AcDbCircle
 10
222.5932638027
 20
414.3578587699
 30
0.0
 40
12.00000000000006
100
AcDbArc
 50
90.0
 51
150.0
  0
SPLINE
  5
19D
330
1F
100
AcDbEntity
  8
0
  6
Continuous
 62
     7
370
    25
100
AcDbSpline
210
0.0
220
0.0
230
1.0
 70
     8
 71
     3
 72
    15
 73
    11
 74
     0
 42
0.00000001
 43
0.00000001
 40
0.0
 40
0.0
 40
0.0
 40
0.0
 40
0.1022030370352201
 40
0.2110233423738763
 40
0.3250996615652087
 40
0.4465020971348899
 40
0.5737877176488563
 40
0.7089007097660666
 40
0.850357871293401
 40
1.0
 40
1.0
 40
1.0
 40
1.0
 10
266.4034570592372
 20
250.2045278501054
 30
0.0
 10
266.6003355711467
 20
250.2087412830776
 30
0.0
 10
267.0068397497888
 20
250.2174409532092
 30
0.0
 10
267.6303939780526
 20
250.2814961016059
 30
0.0
 10
268.2856539105123
 20
250.3848326954559
 30
0.0
 10
268.970107678263
 20
250.5269728913751
 30
0.0
 10
269.6858107942106
 20
250.7129812769949
 30
0.0
 10
270.4312529023456
 20
250.9358807958204
 30
0.0
 10
271.2080013513805
 20
251.2023775864847
 30
0.0
 10
271.7313699798742
 20
251.4036342233892
 30
0.0
 10
272.0004121874423
 20
251.5070919526695
 30
0.0
  0
SPLINE
  5
19E
330
1F
100
AcDbEntity
  8
0
  6
Continuous
 62
     7
370
    25
100
AcDbSpline
210
0.0
220
0.0
230
1.0
 70
     8
 71
     3
 72
    23
 73
    19
 74
     0
 42
0.00000001
 43
0.00000001
 40
0.0
 40
0.0
 40
0.0
 40
0.0
 40
0.0653513820265937
 40
0.1279160318306127
 40
0.1883602055716999
 40
0.2472160772654524
 40
0.3056301291974115
 40
0.3637698398318197
 40
0.4226609139127803
 40
0.4826872940903926
 40
0.5433002212395595
 40
0.6041179553231035
 40
0.6649648912652847
 40
0.7274134941125656
 40
0.791467625149424
 40
0.8580554427291002
 40
0.9270368146149479
 40
1.0
 40
1.0
 40
1.0
 40
1.0
 10
260.2773352643654
 20
255.8116592603618
 30
0.0
 10
260.2821139438857
 20
255.6079095200251
 30
0.0
 10
260.2914675291147
 20
255.2090983937389
 30
0.0
 10
260.3678893821704
 20
254.6256298669939
 30
0.0
 10
260.5008182672516
 20
254.0735569314337
 30
0.0
 10
260.6853229960095
 20
253.5502136334657
 30
0.0
 10
260.9195799949905
 20
253.05510636614
 30
0.0
 10
261.2058475186757
 20
252.5877241578301
 30
0.0
 10
261.5494978923228
 20
252.1542271967225
 30
0.0
 10
261.9420504552234
 20
251.7544126648135
 30
0.0
 10
262.3720945237818
 20
251.3854241443058
 30
0.0
 10
262.8470291129152
 20
251.0708699169117
 30
0.0
 10
263.3569154388
 20
250.8062460573812
 30
0.0
 10
263.895610246374
 20
250.5778782979795
 30
0.0
 10
264.4759269389797
 20
250.4138614599385
 30
0.0
 10
265.0863733568188
 20
250.2907230913016
 30
0.0
 10
265.7335414659195
 20
250.2194916021508
 30
0.0
 10
266.1760144598059
 20
250.2096081836524
 30
0.0
 10
266.4034570592372
 20
250.2045278501054
 30
0.0
  0
SPLINE
  5
19F
330
1F
100
AcDbEntity
  8
0
  6
Continuous
 62
     7
370
    25
100
AcDbSpline
210
0.0
220
0.0
230
1.0
 70
     8
 71
     3
 72
    23
 73
    19
 74
     0
 42
0.00000001
 43
0.00000001
 40
0.0
 40
0.0
 40
0.0
 40
0.0
 40
0.0642072952829857
 40
0.1264246897797426
 40
0.187680284264922
 40
0.2482164244552131
 40
0.308305060008613
 40
0.3696609913251432
 40
0.4316985517867806
 40
0.4959468922087642
 40
0.5597580239721197
 40
0.6222954078261588
 40
0.6839106352841738
 40
0.7450924080566245
 40
0.8067402253892928
 40
0.8690866181212022
 40
0.9332900029747996
 40
1.0
 40
1.0
 40
1.0
 40
1.0
 10
266.7240099438526
 20
262.2532457988233
 30
0.0
 10
266.5065972329386
 20
262.247289296312
 30
0.0
 10
266.0785098261986
 20
262.235560894129
 30
0.0
 10
265.4485071913408
 20
262.1452892063911
 30
0.0
 10
264.8402651899881
 20
262.0062599746159
 30
0.0
 10
264.2597855152231
 20
261.798198741305
 30
0.0
 10
263.6969103422055
 20
261.5453256418721
 30
0.0
 10
263.1658778368492
 20
261.2208219488082
 30
0.0
 10
262.651325528457
 20
260.8473692435217
 30
0.0
 10
262.1692470737614
 20
260.419512556921
 30
0.0
 10
261.7277264991349
 20
259.9480182016842
 30
0.0
 10
261.3376106486202
 20
259.4438108322577
 30
0.0
 10
261.0126581911846
 20
258.9059342887751
 30
0.0
 10
260.7388163725303
 20
258.3437005509427
 30
0.0
 10
260.5308752896461
 20
257.7509475931334
 30
0.0
 10
260.3825321687721
 20
257.1304533504536
 30
0.0
 10
260.2954242562035
 20
256.4806852083841
 30
0.0
 10
260.2834414072641
 20
256.0374965031509
 30
0.0
 10
260.2773352643654
 20
255.8116592603618
 30
0.0
  0
SPLINE
  5
1A0
330
1F
100
AcDbEntity
  8
0
  6
Continuous
 62
     7
370
    25
100
AcDbSpline
210
0.0
220
0.0
230
1.0
 70
     8
 71
     3
 72
    19
 73
    15
 74
     0
 42
0.00000001
 43
0.00000001
 40
0.0
 40
0.0
 40
0.0
 40
0.0
 40
0.0946872518675539
 40
0.1819941557072746
 40
0.2643769486105123
 40
0.342179861947772
 40
0.4186176108621465
 40
0.4965090753719091
 40
0.5773690916117319
 40
0.6615105924541979
 40
0.7467325508291965
 40
0.8312579843277422
 40
0.9152056162136543
 40
1.0
 40
1.0
 40
1.0
 40
1.0
 10
272.3260532130834
 20
257.694271439849
 30
0.0
 10
272.2699659680233
 20
257.9364891233335
 30
0.0
 10
272.1621631687096
 20
258.4020449604043
 30
0.0
 10
271.9255385920523
 20
259.0561409803643
 30
0.0
 10
271.6362262386217
 20
259.6390290607559
 30
0.0
 10
271.2922061101078
 20
260.1584197507982
 30
0.0
 10
270.8818144602935
 20
260.6113307595745
 30
0.0
 10
270.4135151759813
 20
261.0149517233514
 30
0.0
 10
269.8884774133355
 20
261.3790798047569
 30
0.0
 10
269.3050522619625
 20
261.6825936009888
 30
0.0
 10
268.6895516291805
 20
261.941446839949
 30
0.0
 10
268.0453553051109
 20
262.1138162833125
 30
0.0
 10
267.3900037621493
 20
262.2350170485147
 30
0.0
 10
266.9467493041518
 20
262.2471492554753
 30
0.0
 10
266.7240099438526
 20
262.2532457988233
 30
0.0
  0
LINE
  5
1A1
330
1F
100
AcDbEntity
  8
0
  6
Continuous
 62
     7
370
    25
100
AcDbLine
 10
274.6055403926
 20
257.6942714398
 30
0.0
 11
272.3260532131
 21
257.6942714398
 31
0.0
  0
SPLINE
  5
1A2
330
1F
100
AcDbEntity
  8
0
  6
Continuous
 62
     7
370
    25
100
AcDbSpline
210
0.0
220
0.0
230
1.0
 70
     8
 71
     3
 72
    23
 73
    19
 74
     0
 42
0.00000001
 43
0.00000001
 40
0.0
 40
0.0
 40
0.0
 40
0.0
 40
0.0654211437588925
 40
0.1287083718818826
 40
0.1902361418635386
 40
0.2507244020335386
 40
0.3106371794134438
 40
0.3707664082897265
 40
0.4316147444123526
 40
0.4935229735663539
 40
0.5558834553775334
 40
0.6173423673185097
 40
0.678668039097275
 40
0.7407113595451476
 40
0.8029853625127445
 40
0.8668025802655176
 40
0.9323471713458875
 40
1.0
 40
1.0
 40
1.0
 40
1.0
 10
266.8563016105193
 20
264.8583740039516
 30
0.0
 10
267.1093885219011
 20
264.8533604940094
 30
0.0
 10
267.6073071218664
 20
264.8434970054643
 30
0.0
 10
268.3367992371857
 20
264.7403114267632
 30
0.0
 10
269.0386709470754
 20
264.5925275763717
 30
0.0
 10
269.7072722526178
 20
264.3701957894722
 30
0.0
 10
270.348595137793
 20
264.091613708006
 30
0.0
 10
270.9540057183178
 20
263.7395249205821
 30
0.0
 10
271.538973350208
 20
263.340533710532
 30
0.0
 10
272.0797178454758
 20
262.8696877204448
 30
0.0
 10
272.5815936403699
 20
262.3550424851231
 30
0.0
 10
273.0308580190289
 20
261.7965498892345
 30
0.0
 10
273.4309702616321
 20
261.2034276523812
 30
0.0
 10
273.7755230540654
 20
260.5727953342317
 30
0.0
 10
274.06942298019
 20
259.9063099954271
 30
0.0
 10
274.3003088951124
 20
259.2014745032399
 30
0.0
 10
274.4866603852711
 20
258.4619716175082
 30
0.0
 10
274.5654977795852
 20
257.9528575705289
 30
0.0
 10
274.6055403925705
 20
257.694271439849
 30
0.0
  0
SPLINE
  5
1A3
330
1F
100
AcDbEntity
  8
0
  6
Continuous
 62
     7
370
    25
100
AcDbSpline
210
0.0
220
0.0
230
1.0
 70
     8
 71
     3
 72
    31
 73
    27
 74
     0
 42
0.00000001
 43
0.00000001
 40
0.0
 40
0.0
 40
0.0
 40
0.0
 40
0.04401447057614
 40
0.0874341236677057
 40
0.1301183986578982
 40
0.1725536945581825
 40
0.2145547559681394
 40
0.256298092097131
 40
0.29843822513325
 40
0.3408490025880957
 40
0.3827151889670271
 40
0.4239240454075318
 40
0.4642462432504176
 40
0.5040736714617959
 40
0.5438619058684915
 40
0.583566724979654
 40
0.6230943188523337
 40
0.6632290607685848
 40
0.7035512586114704
 40
0.7439378946861847
 40
0.7845412548000925
 40
0.8257501112405974
 40
0.8677573633885065
 40
0.9107451640323097
 40
0.9549144468914781
 40
1.0
 40
1.0
 40
1.0
 40
1.0
 10
257.9978480848782
 20
255.908333939849
 30
0.0
 10
258.0026746311478
 20
256.1153237675461
 30
0.0
 10
258.0122624970906
 20
256.5265061345251
 30
0.0
 10
258.0610202474488
 20
257.1371526194984
 30
0.0
 10
258.154896586886
 20
257.734871465296
 30
0.0
 10
258.2809366418125
 20
258.3197419660682
 30
0.0
 10
258.4445301893336
 20
258.8906568384539
 30
0.0
 10
258.642570751939
 20
259.4492502125511
 30
0.0
 10
258.8849304944392
 20
259.99204535863
 30
0.0
 10
259.1507696177467
 20
260.5241782253739
 30
0.0
 10
259.4501012012031
 20
261.0336188204442
 30
0.0
 10
259.7823223687487
 20
261.5100428942111
 30
0.0
 10
260.133317647905
 20
261.9605973940941
 30
0.0
 10
260.5109894166594
 20
262.3804501993608
 30
0.0
 10
260.9188480669051
 20
262.7668423863557
 30
0.0
 10
261.35195411213
 20
263.1220670578559
 30
0.0
 10
261.8068515587986
 20
263.4521315691983
 30
0.0
 10
262.2905781744992
 20
263.7436378999006
 30
0.0
 10
262.7923550508634
 20
264.0118833531237
 30
0.0
 10
263.3194283981114
 20
264.2319455955002
 30
0.0
 10
263.8598003385745
 20
264.4286905707452
 30
0.0
 10
264.4212482928913
 20
264.585513999698
 30
0.0
 10
265.0025005330171
 20
264.7083959667811
 30
0.0
 10
265.6045151893728
 20
264.7918574682961
 30
0.0
 10
266.2241349089738
 20
264.8526464716516
 30
0.0
 10
266.6441421431248
 20
264.8564518049504
 30
0.0
 10
266.8563016105193
 20
264.8583740039516
 30
0.0
  0
SPLINE
  5
1A4
330
1F
100
AcDbEntity
  8
0
  6
Continuous
 62
     7
370
    25
100
AcDbSpline
210
0.0
220
0.0
230
1.0
 70
     8
 71
     3
 72
    23
 73
    19
 74
     0
 42
0.00000001
 43
0.00000001
 40
0.0
 40
0.0
 40
0.0
 40
0.0
 40
0.065807645810695
 40
0.1293942736680557
 40
0.1908940606321903
 40
0.2512810689298358
 40
0.3108149644652732
 40
0.3703709874482452
 40
0.4307682625897269
 40
0.4928812506175027
 40
0.5551039481552502
 40
0.616067050993843
 40
0.6772560331746541
 40
0.7382598051991166
 40
0.800762134376296
 40
0.8647775815744847
 40
0.9310452949994038
 40
0.9999999999999999
 40
0.9999999999999999
 40
0.9999999999999999
 40
0.9999999999999999
 10
265.9913176361603
 20
247.5993996449772
 30
0.0
 10
265.7076813536775
 20
247.6055387211611
 30
0.0
 10
265.1499815559465
 20
247.6176096787837
 30
0.0
 10
264.3339960549071
 20
247.7335196718937
 30
0.0
 10
263.5550659155527
 20
247.9159636237818
 30
0.0
 10
262.8148201434157
 20
248.1708382672424
 30
0.0
 10
262.1118892902195
 20
248.4967546167099
 30
0.0
 10
261.4527407011894
 20
248.9038798981638
 30
0.0
 10
260.8274804183707
 20
249.3794646442212
 30
0.0
 10
260.2473255936748
 20
249.9262541595853
 30
0.0
 10
259.7210063287028
 20
250.528028178301
 30
0.0
 10
259.2582474322625
 20
251.1750595853023
 30
0.0
 10
258.8651817769114
 20
251.8610603333646
 30
0.0
 10
258.5490551558082
 20
252.5925847510648
 30
0.0
 10
258.296620272777
 20
253.3615454643858
 30
0.0
 10
258.1286029387678
 20
254.1760333491935
 30
0.0
 10
258.0167216794487
 20
255.0283711344335
 30
0.0
 10
258.0042220758722
 20
255.611152871565
 30
0.0
 10
257.9978480848782
 20
255.908333939849
 30
0.0
  0
SPLINE
  5
1A5
330
1F
100
AcDbEntity
  8
0
  6
Continuous
 62
     7
370
    25
100
AcDbSpline
210
0.0
220
0.0
230
1.0
 70
     8
 71
     3
 72
    11
 73
     7
 74
     0
 42
0.00000001
 43
0.00000001
 40
0.0
 40
0.0
 40
0.0
 40
0.0
 40
0.2750683690187429
 40
0.5329014600899362
 40
0.7739734595924451
 40
1.0
 40
1.0
 40
1.0
 40
1.0
 10
268.9831445592372
 20
248.0929493244644
 30
0.0
 10
268.7142247852112
 20
248.0187067804699
 30
0.0
 10
268.1932352554562
 20
247.8748735937005
 30
0.0
 10
267.4242694073195
 20
247.7151745740122
 30
0.0
 10
266.6942574164157
 20
247.6189053514236
 30
0.0
 10
266.2205447282938
 20
247.605760412278
 30
0.0
 10
265.9913176361603
 20
247.5993996449772
 30
0.0
  0
LINE
  5
1A6
330
1F
100
AcDbEntity
  8
0
  6
Continuous
 62
     7
370
    25
100
AcDbLine
 10
267.6093464823
 20
241.4122201578
 30
0.0
 11
268.9831445592
 21
248.0929493245
 31
0.0
  0
LINE
  5
1A7
330
1F
100
AcDbEntity
  8
0
  6
Continuous
 62
     7
370
    25
100
AcDbLine
 10
258.9747711618
 20
241.4122201578
 30
0.0
 11
267.6093464823
 21
241.4122201578
 31
0.0
  0
LINE
  5
1A8
330
1F
100
AcDbEntity
  8
0
  6
Continuous
 62
     7
370
    25
100
AcDbLine
 10
258.9747711618
 20
238.8070919527
 30
0.0
 11
258.9747711618
 21
241.4122201578
 31
0.0
  0
LINE
  5
1A9
330
1F
100
AcDbEntity
  8
0
  6
Continuous
 62
     7
370
    25
100
AcDbLine
 10
269.3952839823
 20
238.8070919527
 30
0.0
 11
258.9747711618
 21
238.8070919527
 31
0.0
  0
LINE
  5
1AA
330
1F
100
AcDbEntity
  8
0
  6
Continuous
 62
     7
370
    25
100
AcDbLine
 10
272.0004121874
 20
251.5070919527
 30
0.0
 11
269.3952839823
 21
238.8070919527
 31
0.0
  0
SPLINE
  5
1AB
330
1F
100
AcDbEntity
  8
0
  6
Continuous
 62
     7
370
    25
100
AcDbSpline
210
0.0
220
0.0
230
1.0
 70
     8
 71
     3
 72
    31
 73
    27
 74
     0
 42
0.00000001
 43
0.00000001
 40
0.0
 40
0.0
 40
0.0
 40
0.0
 40
0.0337881161627104
 40
0.0671939323738801
 40
0.0998624108568252
 40
0.1325666121262583
 40
0.1651511732547863
 40
0.197913187355792
 40
0.2313190035669618
 40
0.2650832782673734
 40
0.299255308758115
 40
0.3343985665049786
 40
0.3699428235093078
 40
0.4062835607000611
 40
0.4440638196985084
 40
0.4829977068727755
 40
0.5233544466133045
 40
0.5655365896041492
 40
0.6096129240658195
 40
0.6563908113764172
 40
0.7058854949364574
 40
0.7583245002617311
 40
0.8138317829411501
 40
0.87279455903939
 40
0.9347222295400741
 40
1.0
 40
1.0
 40
1.0
 40
1.0
 10
246.9006125079551
 20
238.1558099013875
 30
0.0
 10
246.6986064640974
 20
238.1593500458051
 30
0.0
 10
246.2968799995401
 20
238.1663902792248
 30
0.0
 10
245.7029527048983
 20
238.2340554621902
 30
0.0
 10
245.1227464433124
 20
238.346331612665
 30
0.0
 10
244.5587348081499
 20
238.5054152567792
 30
0.0
 10
244.0062849063553
 20
238.7027781673933
 30
0.0
 10
243.4697178337268
 20
238.9501532458427
 30
0.0
 10
242.9457007269531
 20
239.2381084545712
 30
0.0
 10
242.4425609260944
 20
239.5764645927392
 30
0.0
 10
241.95477486044
 20
239.9537073971386
 30
0.0
 10
241.4943239291568
 20
240.3801564793114
 30
0.0
 10
241.0611662200724
 20
240.8515058705754
 30
0.0
 10
240.6498654324123
 20
241.3627125399239
 30
0.0
 10
240.2720905270234
 20
241.9235814412876
 30
0.0
 10
239.912329047372
 20
242.5243575525103
 30
0.0
 10
239.5903148439714
 20
243.1755472570139
 30
0.0
 10
239.2801832012467
 20
243.8662855093461
 30
0.0
 10
239.0124890689105
 20
244.6156846332573
 30
0.0
 10
238.7710711746486
 20
245.4195203238743
 30
0.0
 10
238.5760066598476
 20
246.2872872798957
 30
0.0
 10
238.4135245120223
 20
247.2144326028945
 30
0.0
 10
238.2876501243027
 20
248.2043611955517
 30
0.0
 10
238.1959732360755
 20
249.2549510281227
 30
0.0
 10
238.1475457046326
 20
250.36689329163
 30
0.0
 10
238.1384256444471
 20
251.1271359685157
 30
0.0
 10
238.1337455207756
 20
251.5172682347207
 30
0.0
  0
SPLINE
  5
1AC
330
1F
100
AcDbEntity
  8
0
  6
Continuous
 62
     7
370
    25
100
AcDbSpline
210
0.0
220
0.0
230
1.0
 70
     8
 71
     3
 72
    31
 73
    27
 74
     0
 42
0.00000001
 43
0.00000001
 40
0.0
 40
0.0
 40
0.0
 40
0.0
 40
0.0685946222587424
 40
0.1332460424433009
 40
0.1943125864682562
 40
0.2512792231169662
 40
0.3045134392563467
 40
0.3542349066533249
 40
0.4004805887739888
 40
0.4434107549384918
 40
0.484014868616345
 40
0.523252300773203
 40
0.56104237272836
 40
0.5979002393643998
 40
0.6335184888561955
 40
0.6683143511696513
 40
0.7024956712863817
 40
0.7366853535134584
 40
0.7702931693607888
 40
0.803437255019249
 40
0.8359129516660286
 40
0.8684602457892908
 40
0.9008465382431826
 40
0.9334665246307077
 40
0.9662575752981231
 40
1.0
 40
1.0
 40
1.0
 40
1.0
 10
255.39271987975
 20
251.5172682347207
 30
0.0
 10
255.3903394051216
 20
251.1101614780208
 30
0.0
 10
255.3857152988442
 20
250.3193507351963
 30
0.0
 10
255.3342736154348
 20
249.1670279041973
 30
0.0
 10
255.2488182740764
 20
248.086001806918
 30
0.0
 10
255.1317070539629
 20
247.0762206990963
 30
0.0
 10
254.9891914260546
 20
246.1374238937392
 30
0.0
 10
254.7989418947193
 20
245.2721202276643
 30
0.0
 10
254.5825861271707
 20
244.4763047968152
 30
0.0
 10
254.3318340918602
 20
243.7473825021607
 30
0.0
 10
254.0488941372699
 20
243.0755328859427
 30
0.0
 10
253.7409426451727
 20
242.4483328536965
 30
0.0
 10
253.3957581370701
 20
241.8667314018593
 30
0.0
 10
253.0330685403991
 20
241.3214457228117
 30
0.0
 10
252.638192363443
 20
240.8214017663188
 30
0.0
 10
252.2223668554807
 20
240.3595378726129
 30
0.0
 10
251.7693623819993
 20
239.9465284263898
 30
0.0
 10
251.2945782648148
 20
239.5702724033667
 30
0.0
 10
250.7937159232292
 20
239.2404390946617
 30
0.0
 10
250.2810520032185
 20
238.9499157915645
 30
0.0
 10
249.7530578064354
 20
238.7017224691807
 30
0.0
 10
249.2082917934048
 20
238.5065747346572
 30
0.0
 10
248.651650373291
 20
238.3453874466502
 30
0.0
 10
248.0811876607314
 20
238.2351590837294
 30
0.0
 10
247.4959617624506
 20
238.1658032335493
 30
0.0
 10
247.1009450642012
 20
238.1591726162347
 30
0.0
 10
246.9006125079551
 20
238.1558099013875
 30
0.0
  0
SPLINE
  5
1AD
330
1F
100
AcDbEntity
  8
0
  6
Continuous
 62
     7
370
    25
100
AcDbSpline
210
0.0
220
0.0
230
1.0
 70
     8
 71
     3
 72
    31
 73
    27
 74
     0
 42
0.00000001
 43
0.00000001
 40
0.0
 40
0.0
 40
0.0
 40
0.0
 40
0.0337871463469911
 40
0.0666216577242939
 40
0.0992848780959722
 40
0.1313611650426506
 40
0.1635851875953432
 40
0.1961039269870679
 40
0.2289022543238168
 40
0.2621580559050073
 40
0.2959912222583163
 40
0.3302178457247997
 40
0.3650598258919539
 40
0.4009507373401077
 40
0.4376203820767376
 40
0.4757075294370919
 40
0.5153806916250483
 40
0.5564135414931642
 40
0.5997648298727309
 40
0.6464241555840872
 40
0.6964314445175667
 40
0.7497815178015574
 40
0.8065733069755322
 40
0.8674355315653993
 40
0.931886753250874
 40
1.0
 40
1.0
 40
1.0
 40
1.0
 10
246.9006125079551
 20
264.8583740039516
 30
0.0
 10
247.100939506591
 20
264.8549895957648
 30
0.0
 10
247.4959452463179
 20
264.8483162034189
 30
0.0
 10
248.081251419507
 20
264.7792736949046
 30
0.0
 10
248.6493582947569
 20
264.6682720430207
 30
0.0
 10
249.2030692526298
 20
264.5128486876168
 30
0.0
 10
249.7452251049514
 20
264.3226038754991
 30
0.0
 10
250.268438156682
 20
264.0747457144946
 30
0.0
 10
250.7785259183229
 20
263.7892927569284
 30
0.0
 10
251.2741274962827
 20
263.4642059842049
 30
0.0
 10
251.7459300364004
 20
263.0917571980731
 30
0.0
 10
252.1965884863922
 20
262.6798106458912
 30
0.0
 10
252.6147814821245
 20
262.2180864610471
 30
0.0
 10
253.0040117760331
 20
261.7138752476368
 30
0.0
 10
253.3739380160822
 20
261.1718157175648
 30
0.0
 10
253.7142208967419
 20
260.584506953178
 30
0.0
 10
254.0289693805501
 20
259.9542777227678
 30
0.0
 10
254.3166678556874
 20
259.2770563138685
 30
0.0
 10
254.5717467280528
 20
258.542960551686
 30
0.0
 10
254.7970643812188
 20
257.7435922276965
 30
0.0
 10
254.9749671240015
 20
256.8718958970404
 30
0.0
 10
255.1272434284172
 20
255.9348727186184
 30
0.0
 10
255.250066093933
 20
254.9284961952469
 30
0.0
 10
255.3339174833862
 20
253.8522199764048
 30
0.0
 10
255.3857430267886
 20
252.7067147459122
 30
0.0
 10
255.3903518235518
 20
251.920985526586
 30
0.0
 10
255.39271987975
 20
251.5172682347207
 30
0.0
  0
SPLINE
  5
1AE
330
1F
100
AcDbEntity
  8
0
  6
Continuous
 62
     7
370
    25
100
AcDbSpline
210
0.0
220
0.0
230
1.0
 70
     8
 71
     3
 72
    31
 73
    27
 74
     0
 42
0.00000001
 43
0.00000001
 40
0.0
 40
0.0
 40
0.0
 40
0.0
 40
0.0650632896172791
 40
0.1267731664665229
 40
0.1855157632260791
 40
0.240764679167715
 40
0.2929797960235981
 40
0.3422503727797674
 40
0.3889192861856604
 40
0.4327756640583103
 40
0.4746284326311178
 40
0.5147746906379534
 40
0.5536058934984426
 40
0.5914264064311731
 40
0.6280281199460672
 40
0.6638036341103205
 40
0.6989843361316637
 40
0.7335914893067054
 40
0.7676284691511396
 40
0.8012083477865919
 40
0.8342638397266232
 40
0.8669806947287763
 40
0.8997197415181606
 40
0.9327019124985383
 40
0.9661758834327495
 40
1.0
 40
1.0
 40
1.0
 40
1.0
 10
238.1337455207756
 20
251.5172682347207
 30
0.0
 10
238.1384741628944
 20
251.9056988809205
 30
0.0
 10
238.1476877292236
 20
252.6625401544103
 30
0.0
 10
238.1954303440521
 20
253.7694792324453
 30
0.0
 10
238.2894729817492
 20
254.814493603812
 30
0.0
 10
238.4071111826186
 20
255.8000895313696
 30
0.0
 10
238.5700410281972
 20
256.7221648223288
 30
0.0
 10
238.7703756632779
 20
257.583910248353
 30
0.0
 10
238.992809434613
 20
258.3890472255821
 30
0.0
 10
239.2673819404384
 20
259.1309798584086
 30
0.0
 10
239.567905381244
 20
259.8200580757702
 30
0.0
 10
239.8948773763454
 20
260.4635282379343
 30
0.0
 10
240.2451783999386
 20
261.0670779048094
 30
0.0
 10
240.6268224351034
 20
261.6258760682527
 30
0.0
 10
241.0336100623003
 20
262.1438811795815
 30
0.0
 10
241.4742477295409
 20
262.6119496411098
 30
0.0
 10
241.9363142614239
 20
263.0413596604994
 30
0.0
 10
242.4255357934759
 20
263.4234600426535
 30
0.0
 10
242.9365224795608
 20
263.757904053443
 30
0.0
 10
243.4587397806728
 20
264.0569988534003
 30
0.0
 10
244.0014534769645
 20
264.2981732689049
 30
0.0
 10
244.5523646196301
 20
264.5052561377149
 30
0.0
 10
245.1193533337214
 20
264.6634651314029
 30
0.0
 10
245.7017128547248
 20
264.7728582543239
 30
0.0
 10
246.2964809668931
 20
264.8495796688242
 30
0.0
 10
246.698538039197
 20
264.8554324084907
 30
0.0
 10
246.9006125079551
 20
264.8583740039516
 30
0.0
  0
LINE
  5
1AF
330
1F
100
AcDbEntity
  8
0
  6
Continuous
 62
     7
370
    25
100
AcDbLine
 10
169.3505610398
 20
289.2037813212
 30
0.0
 11
238.6325933426
 21
169.2037813212
 31
0.0
  0
ARC
  5
1B0
330
1F
100
AcDbEntity
  8
0
  6
Continuous
 62
     7
370
    25
100
AcDbCircle
 10
178.0108150777
 20
294.2037813212
 30
0.0
 40
10.0
100
AcDbArc
 50
90.0
 51
210.0
  0
LINE
  5
1B1
330
1F
100
AcDbEntity
  8
0
  6
Continuous
 62
     7
370
    25
100
AcDbLine
 10
316.5748796832
 20
304.2037813212
 30
0.0
 11
178.0108150777
 21
304.2037813212
 31
0.0
  0
ARC
  5
1B2
330
1F
100
AcDbEntity
  8
0
  6
Continuous
 62
     7
370
    25
100
AcDbCircle
 10
316.5748796832
 20
294.2037813212
 30
0.0
 40
10.0
100
AcDbArc
 50
330.0
 51
90.0
  0
LINE
  5
1B3
330
1F
100
AcDbEntity
  8
0
  6
Continuous
 62
     7
370
    25
100
AcDbLine
 10
255.9531014183
 20
169.2037813212
 30
0.0
 11
325.235133721
 21
289.2037813212
 31
0.0
  0
ARC
  5
1B4
330
1F
100
AcDbEntity
  8
0
  6
Continuous
 62
     7
370
    25
100
AcDbCircle
 10
247.2928473804
 20
174.2037813212
 30
0.0
 40
10.00000000000001
100
AcDbArc
 50
210.0
 51
330.0
  0
SPLINE
  5
1B5
330
1F
100
AcDbEntity
  8
0
  6
Continuous
 62
     7
370
    25
100
AcDbSpline
210
0.0
220
0.0
230
1.0
 70
     8
 71
     3
 72
    31
 73
    27
 74
     0
 42
0.00000001
 43
0.00000001
 40
0.0
 40
0.0
 40
0.0
 40
0.0
 40
0.0337881161627102
 40
0.0671939323738799
 40
0.0998624108568251
 40
0.1325666121262583
 40
0.1651511732547863
 40
0.197913187355792
 40
0.2313190035669618
 40
0.2650832782673734
 40
0.299255308758115
 40
0.3343985665049786
 40
0.3699428235093078
 40
0.4062835607000611
 40
0.4440638196985084
 40
0.4829977068727755
 40
0.5233544466133045
 40
0.5655365896041492
 40
0.6096129240658195
 40
0.6563908113764172
 40
0.7058854949364574
 40
0.7583245002617311
 40
0.8138317829411501
 40
0.87279455903939
 40
0.9347222295400741
 40
1.0
 40
1.0
 40
1.0
 40
1.0
 10
227.3621509694936
 20
238.1558099013875
 30
0.0
 10
227.1601449256358
 20
238.1593500458051
 30
0.0
 10
226.7584184610786
 20
238.1663902792248
 30
0.0
 10
226.1644911664368
 20
238.2340554621902
 30
0.0
 10
225.5842849048508
 20
238.3463316126651
 30
0.0
 10
225.0202732696884
 20
238.5054152567792
 30
0.0
 10
224.4678233678937
 20
238.7027781673933
 30
0.0
 10
223.9312562952653
 20
238.9501532458427
 30
0.0
 10
223.4072391884916
 20
239.2381084545712
 30
0.0
 10
222.9040993876328
 20
239.5764645927392
 30
0.0
 10
222.4163133219784
 20
239.9537073971386
 30
0.0
 10
221.9558623906952
 20
240.3801564793114
 30
0.0
 10
221.5227046816108
 20
240.8515058705754
 30
0.0
 10
221.1114038939507
 20
241.3627125399239
 30
0.0
 10
220.7336289885619
 20
241.9235814412876
 30
0.0
 10
220.3738675089105
 20
242.5243575525103
 30
0.0
 10
220.0518533055098
 20
243.1755472570139
 30
0.0
 10
219.7417216627852
 20
243.8662855093461
 30
0.0
 10
219.474027530449
 20
244.6156846332573
 30
0.0
 10
219.232609636187
 20
245.4195203238743
 30
0.0
 10
219.0375451213861
 20
246.2872872798957
 30
0.0
 10
218.8750629735607
 20
247.2144326028945
 30
0.0
 10
218.7491885858412
 20
248.2043611955517
 30
0.0
 10
218.657511697614
 20
249.2549510281227
 30
0.0
 10
218.6090841661711
 20
250.36689329163
 30
0.0
 10
218.5999641059855
 20
251.1271359685157
 30
0.0
 10
218.5952839823141
 20
251.5172682347207
 30
0.0
  0
SPLINE
  5
1B6
330
1F
100
AcDbEntity
  8
0
  6
Continuous
 62
     7
370
    25
100
AcDbSpline
210
0.0
220
0.0
230
1.0
 70
     8
 71
     3
 72
    31
 73
    27
 74
     0
 42
0.00000001
 43
0.00000001
 40
0.0
 40
0.0
 40
0.0
 40
0.0
 40
0.0685946222587424
 40
0.1332460424433009
 40
0.1943125864682561
 40
0.2512792231169662
 40
0.3045134392563466
 40
0.3542349066533248
 40
0.4004805887739888
 40
0.4434107549384918
 40
0.4840148686163449
 40
0.523252300773203
 40
0.5610423727283599
 40
0.5979002393643997
 40
0.6335184888561955
 40
0.6683143511696513
 40
0.7024956712863817
 40
0.7366853535134584
 40
0.7702931693607888
 40
0.803437255019249
 40
0.8359129516660287
 40
0.8684602457892907
 40
0.9008465382431824
 40
0.9334665246307079
 40
0.9662575752981228
 40
1.0
 40
1.0
 40
1.0
 40
1.0
 10
235.8542583412885
 20
251.5172682347207
 30
0.0
 10
235.85187786666
 20
251.1101614780208
 30
0.0
 10
235.8472537603827
 20
250.3193507351963
 30
0.0
 10
235.7958120769733
 20
249.1670279041973
 30
0.0
 10
235.7103567356148
 20
248.086001806918
 30
0.0
 10
235.5932455155014
 20
247.0762206990963
 30
0.0
 10
235.450729887593
 20
246.1374238937392
 30
0.0
 10
235.2604803562578
 20
245.2721202276643
 30
0.0
 10
235.0441245887092
 20
244.4763047968152
 30
0.0
 10
234.7933725533987
 20
243.7473825021607
 30
0.0
 10
234.5104325988084
 20
243.0755328859427
 30
0.0
 10
234.2024811067111
 20
242.4483328536965
 30
0.0
 10
233.8572965986086
 20
241.8667314018593
 30
0.0
 10
233.4946070019376
 20
241.3214457228117
 30
0.0
 10
233.0997308249815
 20
240.8214017663188
 30
0.0
 10
232.6839053170192
 20
240.3595378726129
 30
0.0
 10
232.2309008435377
 20
239.9465284263898
 30
0.0
 10
231.7561167263533
 20
239.5702724033667
 30
0.0
 10
231.2552543847677
 20
239.2404390946617
 30
0.0
 10
230.742590464757
 20
238.9499157915645
 30
0.0
 10
230.2145962679739
 20
238.7017224691807
 30
0.0
 10
229.6698302549432
 20
238.5065747346572
 30
0.0
 10
229.1131888348295
 20
238.3453874466502
 30
0.0
 10
228.5427261222698
 20
238.2351590837294
 30
0.0
 10
227.9575002239891
 20
238.1658032335493
 30
0.0
 10
227.5624835257397
 20
238.1591726162347
 30
0.0
 10
227.3621509694936
 20
238.1558099013875
 30
0.0
  0
SPLINE
  5
1B7
330
1F
100
AcDbEntity
  8
0
  6
Continuous
 62
     7
370
    25
100
AcDbSpline
210
0.0
220
0.0
230
1.0
 70
     8
 71
     3
 72
    31
 73
    27
 74
     0
 42
0.00000001
 43
0.00000001
 40
0.0
 40
0.0
 40
0.0
 40
0.0
 40
0.0337871463469912
 40
0.0666216577242937
 40
0.0992848780959723
 40
0.1313611650426505
 40
0.1635851875953431
 40
0.1961039269870681
 40
0.2289022543238168
 40
0.2621580559050073
 40
0.2959912222583163
 40
0.3302178457247997
 40
0.3650598258919539
 40
0.4009507373401075
 40
0.4376203820767375
 40
0.4757075294370918
 40
0.5153806916250482
 40
0.5564135414931641
 40
0.5997648298727309
 40
0.6464241555840871
 40
0.6964314445175666
 40
0.7497815178015573
 40
0.8065733069755322
 40
0.8674355315653994
 40
0.9318867532508739
 40
1.0
 40
1.0
 40
1.0
 40
1.0
 10
227.3621509694936
 20
264.8583740039516
 30
0.0
 10
227.5624779681295
 20
264.8549895957648
 30
0.0
 10
227.9574837078563
 20
264.8483162034189
 30
0.0
 10
228.5427898810455
 20
264.7792736949046
 30
0.0
 10
229.1108967562954
 20
264.6682720430207
 30
0.0
 10
229.6646077141683
 20
264.5128486876168
 30
0.0
 10
230.2067635664899
 20
264.3226038754991
 30
0.0
 10
230.7299766182205
 20
264.0747457144946
 30
0.0
 10
231.2400643798614
 20
263.7892927569284
 30
0.0
 10
231.7356659578212
 20
263.4642059842049
 30
0.0
 10
232.2074684979388
 20
263.0917571980731
 30
0.0
 10
232.6581269479307
 20
262.6798106458912
 30
0.0
 10
233.076319943663
 20
262.2180864610471
 30
0.0
 10
233.4655502375716
 20
261.7138752476368
 30
0.0
 10
233.8354764776207
 20
261.1718157175648
 30
0.0
 10
234.1757593582804
 20
260.584506953178
 30
0.0
 10
234.4905078420886
 20
259.9542777227678
 30
0.0
 10
234.7782063172259
 20
259.2770563138685
 30
0.0
 10
235.0332851895913
 20
258.542960551686
 30
0.0
 10
235.2586028427572
 20
257.7435922276965
 30
0.0
 10
235.43650558554
 20
256.8718958970404
 30
0.0
 10
235.5887818899558
 20
255.9348727186184
 30
0.0
 10
235.7116045554714
 20
254.9284961952469
 30
0.0
 10
235.7954559449247
 20
253.8522199764048
 30
0.0
 10
235.8472814883271
 20
252.7067147459122
 30
0.0
 10
235.8518902850902
 20
251.920985526586
 30
0.0
 10
235.8542583412885
 20
251.5172682347207
 30
0.0
  0
SPLINE
  5
1B8
330
1F
100
AcDbEntity
  8
0
  6
Continuous
 62
     7
370
    25
100
AcDbSpline
210
0.0
220
0.0
230
1.0
 70
     8
 71
     3
 72
    31
 73
    27
 74
     0
 42
0.00000001
 43
0.00000001
 40
0.0
 40
0.0
 40
0.0
 40
0.0
 40
0.0650632896172791
 40
0.126773166466523
 40
0.1855157632260791
 40
0.2407646791677149
 40
0.2929797960235981
 40
0.3422503727797675
 40
0.3889192861856604
 40
0.4327756640583104
 40
0.4746284326311178
 40
0.5147746906379534
 40
0.5536058934984425
 40
0.5914264064311731
 40
0.6280281199460672
 40
0.6638036341103205
 40
0.6989843361316636
 40
0.7335914893067053
 40
0.7676284691511395
 40
0.8012083477865919
 40
0.8342638397266232
 40
0.8669806947287761
 40
0.8997197415181606
 40
0.9327019124985384
 40
0.9661758834327496
 40
1.0
 40
1.0
 40
1.0
 40
1.0
 10
218.5952839823141
 20
251.5172682347207
 30
0.0
 10
218.6000126244329
 20
251.9056988809205
 30
0.0
 10
218.609226190762
 20
252.6625401544103
 30
0.0
 10
218.6569688055906
 20
253.7694792324453
 30
0.0
 10
218.7510114432877
 20
254.814493603812
 30
0.0
 10
218.868649644157
 20
255.8000895313696
 30
0.0
 10
219.0315794897356
 20
256.7221648223288
 30
0.0
 10
219.2319141248163
 20
257.583910248353
 30
0.0
 10
219.4543478961515
 20
258.3890472255821
 30
0.0
 10
219.7289204019769
 20
259.1309798584086
 30
0.0
 10
220.0294438427825
 20
259.8200580757702
 30
0.0
 10
220.3564158378838
 20
260.4635282379343
 30
0.0
 10
220.706716861477
 20
261.0670779048094
 30
0.0
 10
221.0883608966419
 20
261.6258760682527
 30
0.0
 10
221.4951485238388
 20
262.1438811795815
 30
0.0
 10
221.9357861910794
 20
262.6119496411098
 30
0.0
 10
222.3978527229623
 20
263.0413596604994
 30
0.0
 10
222.8870742550144
 20
263.4234600426535
 30
0.0
 10
223.3980609410992
 20
263.757904053443
 30
0.0
 10
223.9202782422113
 20
264.0569988534003
 30
0.0
 10
224.462991938503
 20
264.2981732689049
 30
0.0
 10
225.0139030811685
 20
264.5052561377149
 30
0.0
 10
225.5808917952599
 20
264.6634651314029
 30
0.0
 10
226.1632513162633
 20
264.7728582543239
 30
0.0
 10
226.7580194284315
 20
264.8495796688242
 30
0.0
 10
227.1600765007355
 20
264.8554324084907
 30
0.0
 10
227.3621509694936
 20
264.8583740039516
 30
0.0
  0
SPLINE
  5
1B9
330
1F
100
AcDbEntity
  8
0
  6
Continuous
 62
     7
370
    25
100
AcDbSpline
210
0.0
220
0.0
230
1.0
 70
     8
 71
     3
 72
    15
 73
    11
 74
     0
 42
0.00000001
 43
0.00000001
 40
0.0
 40
0.0
 40
0.0
 40
0.0
 40
0.1105883385953361
 40
0.2245417540535959
 40
0.3425034940501039
 40
0.4643240984173579
 40
0.5907560327017664
 40
0.7222274753555145
 40
0.8588428362087245
 40
1.0
 40
1.0
 40
1.0
 40
1.0
 10
241.374891354109
 20
257.892708939849
 30
0.0
 10
241.2983156678343
 20
257.6660702591505
 30
0.0
 10
241.142834184593
 20
257.205896541498
 30
0.0
 10
240.942451594171
 20
256.4920574663995
 30
0.0
 10
240.7846421256642
 20
255.7431002652499
 30
0.0
 10
240.6426679856541
 20
254.9635008467789
 30
0.0
 10
240.5457629514275
 20
254.1475098737278
 30
0.0
 10
240.4677645350291
 20
253.2976521161678
 30
0.0
 10
240.4218218355271
 20
252.4132868016592
 30
0.0
 10
240.4161267848952
 20
251.8124317226994
 30
0.0
 10
240.4132327002629
 20
251.5070919526695
 30
0.0
  0
SPLINE
  5
1BA
330
1F
100
AcDbEntity
  8
0
  6
Continuous
 62
     7
370
    25
100
AcDbSpline
210
0.0
220
0.0
230
1.0
 70
     8
 71
     3
 72
    27
 73
    23
 74
     0
 42
0.00000001
 43
0.00000001
 40
0.0
 40
0.0
 40
0.0
 40
0.0
 40
0.0603866193110621
 40
0.1208832485859962
 40
0.1827546186251397
 40
0.2478110297583511
 40
0.2812991000432489
 40
0.3150876241506572
 40
0.3497023955502753
 40
0.3848565811185556
 40
0.4209661972261025
 40
0.458511188261139
 40
0.4971747221273121
 40
0.5376020478662696
 40
0.5805030184200115
 40
0.6274675400267047
 40
0.6783882095592434
 40
0.7339832205925604
 40
0.7937467045508348
 40
0.8577136721607321
 40
0.926697864361386
 40
1.0
 40
1.0
 40
1.0
 40
1.0
 10
246.8242903925705
 20
240.7609381065157
 30
0.0
 10
247.1052186894291
 20
240.7756806050414
 30
0.0
 10
247.667587067249
 20
240.805192459396
 30
0.0
 10
248.4981522244089
 20
241.0134234997464
 30
0.0
 10
249.2942923763273
 20
241.376374738265
 30
0.0
 10
249.9274271068538
 20
241.7751719555819
 30
0.0
 10
250.412667157509
 20
242.1549985586156
 30
0.0
 10
250.7543529894431
 20
242.484374539497
 30
0.0
 10
251.074728067823
 20
242.8446644997468
 30
0.0
 10
251.3698593773933
 20
243.239466967518
 30
0.0
 10
251.6462787468458
 20
243.6637584903482
 30
0.0
 10
251.9001409523952
 20
244.1208769543544
 30
0.0
 10
252.1288667163299
 20
244.613138854733
 30
0.0
 10
252.3399373503231
 20
245.1401267003457
 30
0.0
 10
252.5255227262848
 20
245.7176569828208
 30
0.0
 10
252.6786046308682
 20
246.3546091077561
 30
0.0
 10
252.820024959224
 20
247.0546468367405
 30
0.0
 10
252.920139196388
 20
247.8218684086856
 30
0.0
 10
253.0091390239158
 20
248.651230321708
 30
0.0
 10
253.0663350919123
 20
249.5458714311438
 30
0.0
 10
253.1108305032604
 20
250.5042815060637
 30
0.0
 10
253.1124159303501
 20
251.1661268277687
 30
0.0
 10
253.1132327002629
 20
251.5070919526695
 30
0.0
  0
SPLINE
  5
1BB
330
1F
100
AcDbEntity
  8
0
  6
Continuous
 62
     7
370
    25
100
AcDbSpline
210
0.0
220
0.0
230
1.0
 70
     8
 71
     3
 72
    27
 73
    23
 74
     0
 42
0.00000001
 43
0.00000001
 40
0.0
 40
0.0
 40
0.0
 40
0.0
 40
0.0656811979906388
 40
0.1284864641740649
 40
0.1881751303280078
 40
0.2451061306699863
 40
0.2994484245294755
 40
0.350822936009382
 40
0.3999416805337775
 40
0.4466717436323721
 40
0.491254533373498
 40
0.5333763442704362
 40
0.5738527549682235
 40
0.6125263117194528
 40
0.6495971364453291
 40
0.6855320415538498
 40
0.7201057860682004
 40
0.7538376629736497
 40
0.8189254160467137
 40
0.8804934616501637
 40
0.940311333846057
 40
1.0
 40
1.0
 40
1.0
 40
1.0
 10
240.4132327002629
 20
251.5070919526695
 30
0.0
 10
240.4172255021247
 20
251.2018015692529
 30
0.0
 10
240.4250362761221
 20
250.6045883162738
 30
0.0
 10
240.4548920725817
 20
249.7299706623258
 30
0.0
 10
240.5319888703237
 20
248.8992617688708
 30
0.0
 10
240.6176167615118
 20
248.1088829101069
 30
0.0
 10
240.7438708802944
 20
247.3632092847658
 30
0.0
 10
240.8799989645114
 20
246.6559984980485
 30
0.0
 10
241.0628877622747
 20
245.9960119750738
 30
0.0
 10
241.2582484149431
 20
245.3729167249381
 30
0.0
 10
241.4818438567997
 20
244.7937919751324
 30
0.0
 10
241.7279751854118
 20
244.2559376398199
 30
0.0
 10
241.9908416633356
 20
243.7567570658705
 30
0.0
 10
242.2763539226685
 20
243.2976198327152
 30
0.0
 10
242.5811225940565
 20
242.8764693784458
 30
0.0
 10
242.913191665376
 20
242.5017497493745
 30
0.0
 10
243.2593891137747
 20
242.1618471808154
 30
0.0
 10
243.7442909766092
 20
241.77386167919
 30
0.0
 10
244.3791043940178
 20
241.3782625176837
 30
0.0
 10
245.1690128061601
 20
241.01420243184
 30
0.0
 10
245.9910340530112
 20
240.8051365368198
 30
0.0
 10
246.5467385484219
 20
240.775660293743
 30
0.0
 10
246.8242903925705
 20
240.7609381065157
 30
0.0
  0
SPLINE
  5
1BC
330
1F
100
AcDbEntity
  8
0
  6
Continuous
 62
     7
370
    25
100
AcDbSpline
210
0.0
220
0.0
230
1.0
 70
     8
 71
     3
 72
    19
 73
    15
 74
     0
 42
0.00000001
 43
0.00000001
 40
0.0
 40
0.0
 40
0.0
 40
0.0
 40
0.1128134007444585
 40
0.2253938839207295
 40
0.3395948145627009
 40
0.4596754102248634
 40
0.5217351900879332
 40
0.5839258387389161
 40
0.6481741447653697
 40
0.7138810381130664
 40
0.7810044549073892
 40
0.851450927556555
 40
0.9240506926641777
 40
1.0
 40
1.0
 40
1.0
 40
1.0
 10
246.8242903925705
 20
262.2532457988233
 30
0.0
 10
246.5430204325546
 20
262.2416504752195
 30
0.0
 10
245.9810612300141
 20
262.2184837680275
 30
0.0
 10
245.1600331166809
 20
261.9949729310832
 30
0.0
 10
244.3629791566553
 20
261.6577368446896
 30
0.0
 10
243.73834279006
 20
261.2589749482184
 30
0.0
 10
243.263126617221
 20
260.8792207859149
 30
0.0
 10
242.9226433175953
 20
260.5554459095869
 30
0.0
 10
242.6101358803939
 20
260.1929090439917
 30
0.0
 10
242.3137391085919
 20
259.8017541536378
 30
0.0
 10
242.0418932451227
 20
259.3745081256337
 30
0.0
 10
241.7946921887061
 20
258.9132254365604
 30
0.0
 10
241.5691158950926
 20
258.4166251168547
 30
0.0
 10
241.4405988187679
 20
258.0699532958428
 30
0.0
 10
241.374891354109
 20
257.892708939849
 30
0.0
  0
SPLINE
  5
1BD
330
1F
100
AcDbEntity
  8
0
  6
Continuous
 62
     7
370
    25
100
AcDbSpline
210
0.0
220
0.0
230
1.0
 70
     8
 71
     3
 72
    27
 73
    23
 74
     0
 42
0.00000001
 43
0.00000001
 40
0.0
 40
0.0
 40
0.0
 40
0.0
 40
0.0729510658758665
 40
0.1415836941865451
 40
0.2059264601708671
 40
0.2653013571846055
 40
0.3205972327139283
 40
0.3718165030988105
 40
0.4187897697094522
 40
0.4616987286157647
 40
0.5021335821035657
 40
0.5408043152926482
 40
0.5781805253279664
 40
0.6142968652075148
 40
0.6496782432647874
 40
0.6842994600896377
 40
0.7183589527723611
 40
0.7520808646475969
 40
0.8176524386023857
 40
0.8797220764054373
 40
0.9399655597309876
 40
1.0
 40
1.0
 40
1.0
 40
1.0
 10
253.1132327002629
 20
251.5070919526695
 30
0.0
 10
253.11236585583
 20
251.8463539382746
 30
0.0
 10
253.1106834809996
 20
252.5047948348171
 30
0.0
 10
253.0667327682391
 20
253.461600214471
 30
0.0
 10
253.0068596560144
 20
254.354013457887
 30
0.0
 10
252.9296342421565
 20
255.1831676939482
 30
0.0
 10
252.814949987139
 20
255.9462563561623
 30
0.0
 10
252.686449298405
 20
256.6485277704064
 30
0.0
 10
252.5300717337398
 20
257.2862654340323
 30
0.0
 10
252.3450507469336
 20
257.8638455460023
 30
0.0
 10
252.1343098723353
 20
258.3910702145114
 30
0.0
 10
251.9042158902726
 20
258.881661890007
 30
0.0
 10
251.657032358334
 20
259.341415942998
 30
0.0
 10
251.3803962371781
 20
259.7662027009131
 30
0.0
 10
251.079115492602
 20
260.1574074344705
 30
0.0
 10
250.759995269147
 20
260.5219542747522
 30
0.0
 10
250.4111256577899
 20
260.8470523678734
 30
0.0
 10
249.9284984976192
 20
261.2369558300873
 30
0.0
 10
249.2913469403486
 20
261.6398661148679
 30
0.0
 10
248.4885584938143
 20
261.9907205953602
 30
0.0
 10
247.6636503066914
 20
262.2112104220404
 30
0.0
 10
247.1037526632034
 20
262.2392502509719
 30
0.0
 10
246.8242903925705
 20
262.2532457988233
 30
0.0
  0
SPLINE
  5
1BE
330
1F
100
AcDbEntity
  8
0
  6
Continuous
 62
     7
370
    25
100
AcDbSpline
210
0.0
220
0.0
230
1.0
 70
     8
 71
     3
 72
    15
 73
    11
 74
     0
 42
0.00000001
 43
0.00000001
 40
0.0
 40
0.0
 40
0.0
 40
0.0
 40
0.1105883385953361
 40
0.2245417540535959
 40
0.3425034940501039
 40
0.4643240984173579
 40
0.5907560327017664
 40
0.7222274753555145
 40
0.8588428362087245
 40
1.0
 40
1.0
 40
1.0
 40
1.0
 10
221.8364298156474
 20
257.892708939849
 30
0.0
 10
221.7598541293727
 20
257.6660702591505
 30
0.0
 10
221.6043726461314
 20
257.205896541498
 30
0.0
 10
221.4039900557095
 20
256.4920574663995
 30
0.0
 10
221.2461805872027
 20
255.7431002652499
 30
0.0
 10
221.1042064471925
 20
254.9635008467789
 30
0.0
 10
221.007301412966
 20
254.1475098737278
 30
0.0
 10
220.9293029965676
 20
253.2976521161678
 30
0.0
 10
220.8833602970656
 20
252.4132868016592
 30
0.0
 10
220.8776652464336
 20
251.8124317226994
 30
0.0
 10
220.8747711618013
 20
251.5070919526695
 30
0.0
  0
SPLINE
  5
1BF
330
1F
100
AcDbEntity
  8
0
  6
Continuous
 62
     7
370
    25
100
AcDbSpline
210
0.0
220
0.0
230
1.0
 70
     8
 71
     3
 72
    27
 73
    23
 74
     0
 42
0.00000001
 43
0.00000001
 40
0.0
 40
0.0
 40
0.0
 40
0.0
 40
0.0603866193110621
 40
0.1208832485859959
 40
0.1827546186251395
 40
0.247811029758351
 40
0.2812991000432489
 40
0.3150876241506569
 40
0.3497023955502754
 40
0.3848565811185556
 40
0.4209661972261025
 40
0.4585111882611391
 40
0.4971747221273122
 40
0.5376020478662696
 40
0.5805030184200116
 40
0.6274675400267048
 40
0.6783882095592435
 40
0.7339832205925605
 40
0.793746704550835
 40
0.8577136721607322
 40
0.9266978643613861
 40
1.0
 40
1.0
 40
1.0
 40
1.0
 10
227.285828854109
 20
240.7609381065157
 30
0.0
 10
227.5667571509675
 20
240.7756806050414
 30
0.0
 10
228.1291255287875
 20
240.805192459396
 30
0.0
 10
228.9596906859474
 20
241.0134234997464
 30
0.0
 10
229.7558308378657
 20
241.376374738265
 30
0.0
 10
230.3889655683923
 20
241.7751719555819
 30
0.0
 10
230.8742056190474
 20
242.1549985586156
 30
0.0
 10
231.2158914509816
 20
242.484374539497
 30
0.0
 10
231.5362665293614
 20
242.8446644997468
 30
0.0
 10
231.8313978389318
 20
243.239466967518
 30
0.0
 10
232.1078172083842
 20
243.6637584903482
 30
0.0
 10
232.3616794139336
 20
244.1208769543544
 30
0.0
 10
232.5904051778683
 20
244.613138854733
 30
0.0
 10
232.8014758118616
 20
245.1401267003457
 30
0.0
 10
232.9870611878233
 20
245.7176569828208
 30
0.0
 10
233.1401430924066
 20
246.3546091077561
 30
0.0
 10
233.2815634207624
 20
247.0546468367405
 30
0.0
 10
233.3816776579265
 20
247.8218684086856
 30
0.0
 10
233.4706774854544
 20
248.651230321708
 30
0.0
 10
233.5278735534507
 20
249.5458714311438
 30
0.0
 10
233.5723689647988
 20
250.5042815060637
 30
0.0
 10
233.5739543918885
 20
251.1661268277687
 30
0.0
 10
233.5747711618013
 20
251.5070919526695
 30
0.0
  0
SPLINE
  5
1C0
330
1F
100
AcDbEntity
  8
0
  6
Continuous
 62
     7
370
    25
100
AcDbSpline
210
0.0
220
0.0
230
1.0
 70
     8
 71
     3
 72
    27
 73
    23
 74
     0
 42
0.00000001
 43
0.00000001
 40
0.0
 40
0.0
 40
0.0
 40
0.0
 40
0.0656811979906388
 40
0.1284864641740649
 40
0.1881751303280078
 40
0.2451061306699864
 40
0.2994484245294755
 40
0.3508229360093821
 40
0.3999416805337776
 40
0.4466717436323722
 40
0.4912545333734981
 40
0.5333763442704363
 40
0.5738527549682237
 40
0.6125263117194528
 40
0.6495971364453291
 40
0.6855320415538503
 40
0.7201057860682004
 40
0.7538376629736497
 40
0.8189254160467137
 40
0.8804934616501636
 40
0.940311333846057
 40
1.0
 40
1.0
 40
1.0
 40
1.0
 10
220.8747711618013
 20
251.5070919526695
 30
0.0
 10
220.8787639636632
 20
251.2018015692529
 30
0.0
 10
220.8865747376605
 20
250.6045883162738
 30
0.0
 10
220.9164305341202
 20
249.7299706623258
 30
0.0
 10
220.9935273318621
 20
248.8992617688708
 30
0.0
 10
221.0791552230502
 20
248.1088829101069
 30
0.0
 10
221.2054093418328
 20
247.3632092847658
 30
0.0
 10
221.3415374260498
 20
246.6559984980485
 30
0.0
 10
221.5244262238132
 20
245.9960119750738
 30
0.0
 10
221.7197868764815
 20
245.3729167249381
 30
0.0
 10
221.9433823183382
 20
244.7937919751324
 30
0.0
 10
222.1895136469503
 20
244.2559376398199
 30
0.0
 10
222.452380124874
 20
243.7567570658705
 30
0.0
 10
222.737892384207
 20
243.2976198327152
 30
0.0
 10
223.0426610555949
 20
242.8764693784458
 30
0.0
 10
223.3747301269144
 20
242.5017497493745
 30
0.0
 10
223.7209275753132
 20
242.1618471808154
 30
0.0
 10
224.2058294381477
 20
241.77386167919
 30
0.0
 10
224.8406428555562
 20
241.3782625176837
 30
0.0
 10
225.6305512676985
 20
241.01420243184
 30
0.0
 10
226.4525725145496
 20
240.8051365368198
 30
0.0
 10
227.0082770099604
 20
240.775660293743
 30
0.0
 10
227.285828854109
 20
240.7609381065157
 30
0.0
  0
SPLINE
  5
1C1
330
1F
100
AcDbEntity
  8
0
  6
Continuous
 62
     7
370
    25
100
AcDbSpline
210
0.0
220
0.0
230
1.0
 70
     8
 71
     3
 72
    27
 73
    23
 74
     0
 42
0.00000001
 43
0.00000001
 40
0.0
 40
0.0
 40
0.0
 40
0.0
 40
0.0729510658758665
 40
0.1415836941865451
 40
0.205926460170867
 40
0.2653013571846054
 40
0.3205972327139282
 40
0.3718165030988103
 40
0.418789769709452
 40
0.4616987286157644
 40
0.5021335821035656
 40
0.540804315292648
 40
0.5781805253279663
 40
0.6142968652075144
 40
0.6496782432647874
 40
0.6842994600896376
 40
0.7183589527723608
 40
0.7520808646475968
 40
0.8176524386023853
 40
0.8797220764054372
 40
0.9399655597309877
 40
0.9999999999999999
 40
0.9999999999999999
 40
0.9999999999999999
 40
0.9999999999999999
 10
233.5747711618013
 20
251.5070919526695
 30
0.0
 10
233.5739043173685
 20
251.8463539382746
 30
0.0
 10
233.572221942538
 20
252.5047948348171
 30
0.0
 10
233.5282712297776
 20
253.461600214471
 30
0.0
 10
233.4683981175529
 20
254.354013457887
 30
0.0
 10
233.3911727036949
 20
255.1831676939482
 30
0.0
 10
233.2764884486775
 20
255.9462563561623
 30
0.0
 10
233.1479877599435
 20
256.6485277704064
 30
0.0
 10
232.9916101952783
 20
257.2862654340323
 30
0.0
 10
232.806589208472
 20
257.8638455460023
 30
0.0
 10
232.5958483338738
 20
258.3910702145114
 30
0.0
 10
232.365754351811
 20
258.881661890007
 30
0.0
 10
232.1185708198725
 20
259.341415942998
 30
0.0
 10
231.8419346987166
 20
259.7662027009131
 30
0.0
 10
231.5406539541404
 20
260.1574074344705
 30
0.0
 10
231.2215337306854
 20
260.5219542747522
 30
0.0
 10
230.8726641193284
 20
260.8470523678734
 30
0.0
 10
230.3900369591577
 20
261.2369558300873
 30
0.0
 10
229.7528854018871
 20
261.6398661148679
 30
0.0
 10
228.9500969553528
 20
261.9907205953602
 30
0.0
 10
228.1251887682299
 20
262.2112104220404
 30
0.0
 10
227.5652911247419
 20
262.2392502509719
 30
0.0
 10
227.285828854109
 20
262.2532457988233
 30
0.0
  0
SPLINE
  5
1C2
330
1F
100
AcDbEntity
  8
0
  6
Continuous
 62
     7
370
    25
100
AcDbSpline
210
0.0
220
0.0
230
1.0
 70
     8
 71
     3
 72
    19
 73
    15
 74
     0
 42
0.00000001
 43
0.00000001
 40
0.0
 40
0.0
 40
0.0
 40
0.0
 40
0.1128134007444581
 40
0.2253938839207295
 40
0.3395948145627009
 40
0.4596754102248634
 40
0.5217351900879332
 40
0.5839258387389161
 40
0.6481741447653697
 40
0.7138810381130664
 40
0.7810044549073892
 40
0.851450927556555
 40
0.9240506926641777
 40
1.0
 40
1.0
 40
1.0
 40
1.0
 10
227.285828854109
 20
262.2532457988233
 30
0.0
 10
227.004558894093
 20
262.2416504752195
 30
0.0
 10
226.4425996915526
 20
262.2184837680275
 30
0.0
 10
225.6215715782193
 20
261.9949729310832
 30
0.0
 10
224.8245176181938
 20
261.6577368446896
 30
0.0
 10
224.1998812515985
 20
261.2589749482184
 30
0.0
 10
223.7246650787595
 20
260.8792207859149
 30
0.0
 10
223.3841817791337
 20
260.5554459095869
 30
0.0
 10
223.0716743419324
 20
260.1929090439917
 30
0.0
 10
222.7752775701304
 20
259.8017541536378
 30
0.0
 10
222.5034317066612
 20
259.3745081256337
 30
0.0
 10
222.2562306502445
 20
258.9132254365604
 30
0.0
 10
222.0306543566311
 20
258.4166251168547
 30
0.0
 10
221.9021372803063
 20
258.0699532958428
 30
0.0
 10
221.8364298156474
 20
257.892708939849
 30
0.0
  0
MTEXT
  5
1C4
330
1F
100
AcDbEntity
  8
0
  6
Continuous
 62
     7
100
AcDbMText
 10
0.0
 20
28.6610179074
 30
0.0
 40
10.2762
 41
0.0
 71
     1
 72
     1
  1
SOLIDWORKS Maker Product.
  7
SLDTEXTSTYLE3
 73
     1
 44
1.0
  0
MTEXT
  5
1C5
330
1F
100
AcDbEntity
  8
0
  6
Continuous
 62
     7
100
AcDbMText
 10
0.0
 20
13.2467179074
 30
0.0
 40
10.2762
 41
0.0
 71
     1
 72
     1
  1
For Personal Use Only.
  7
SLDTEXTSTYLE3
 73
     1
 44
1.0
  0
ENDSEC
  0
SECTION
  2
OBJECTS
  0
DICTIONARY
  5
C
330
0
100
AcDbDictionary
281
     1
  3
ACAD_GROUP
350
D
  3
ACAD_LAYOUT
350
1A
  3
ACAD_MLINESTYLE
350
17
  3
ACAD_PLOTSETTINGS
350
19
  3
ACAD_PLOTSTYLENAME
350
E
  3
ACAD_SCALELIST
350
47
  3
DWGPROPS
350
1C6
  0
DICTIONARY
  5
D
102
{ACAD_REACTORS
330
C
102
}
330
C
100
AcDbDictionary
281
     1
  0
DICTIONARY
  5
1A
102
{ACAD_REACTORS
330
C
102
}
330
C
100
AcDbDictionary
281
     1
  3
Layout1
350
1E
  3
Layout2
350
26
  3
Model
350
22
  0
DICTIONARY
  5
17
102
{ACAD_REACTORS
330
C
102
}
330
C
100
AcDbDictionary
281
     1
  3
Standard
350
18
  0
DICTIONARY
  5
19
102
{ACAD_REACTORS
330
C
102
}
330
C
100
AcDbDictionary
281
     1
  0
ACDBDICTIONARYWDFLT
  5
E
102
{ACAD_REACTORS
330
C
102
}
330
C
100
AcDbDictionary
281
     1
  3
Normal
350
F
100
AcDbDictionaryWithDefault
340
F
  0
DICTIONARY
  5
47
102
{ACAD_REACTORS
330
C
102
}
330
C
100
AcDbDictionary
281
     1
  3
A0
350
48
  3
A1
350
49
  3
A2
350
4A
  3
A3
350
4B
  3
A4
350
4C
  3
A5
350
4D
  3
A6
350
4E
  3
A7
350
4F
  3
A8
350
50
  3
A9
350
51
  3
B0
350
52
  3
B1
350
53
  3
B2
350
54
  3
B3
350
55
  3
B4
350
56
  3
B5
350
57
  3
B6
350
58
  0
XRECORD
  5
1C6
102
{ACAD_REACTORS
330
C
102
}
330
C
100
AcDbXrecord
280
     1
  1
DWGPROPS COOKIE
  2

  3

  4

  6

  7

  8
Administrator
  9

300
=
301
=
302
=
303
=
304
=
305
=
306
=
307
=
308
=
309
=
 40
0.0
 41
2461266.424392743
 42
2461266.424393912
  1

 90
        0
  0
LAYOUT
  5
1E
102
{ACAD_REACTORS
330
1A
102
}
330
1A
100
AcDbPlotSettings
  1

  2
none_device
  4

  6

 40
0.0
 41
0.0
 42
0.0
 43
0.0
 44
0.0
 45
0.0
 46
0.0
 47
0.0
 48
0.0
 49
0.0
140
0.0
141
0.0
142
1.0
143
1.0
 70
   688
 72
     1
 73
     0
 74
     5
  7

 75
    16
147
1.0
148
0.0
149
0.0
100
AcDbLayout
  1
Layout1
 70
     1
 71
     1
 10
0.0
 20
0.0
 11
420.0
 21
297.0
 12
0.0
 22
0.0
 32
0.0
 14
1.0000000000E+20
 24
1.0000000000E+20
 34
1.0000000000E+20
 15
-1.0000000000E+20
 25
-1.0000000000E+20
 35
-1.0000000000E+20
146
0.0
 13
0.0
 23
0.0
 33
0.0
 16
1.0
 26
0.0
 36
0.0
 17
0.0
 27
1.0
 37
0.0
 76
     0
330
1B
  0
LAYOUT
  5
26
102
{ACAD_REACTORS
330
1A
102
}
330
1A
100
AcDbPlotSettings
  1

  2
none_device
  4

  6

 40
0.0
 41
0.0
 42
0.0
 43
0.0
 44
0.0
 45
0.0
 46
0.0
 47
0.0
 48
0.0
 49
0.0
140
0.0
141
0.0
142
1.0
143
1.0
 70
   688
 72
     1
 73
     0
 74
     5
  7

 75
    16
147
1.0
148
0.0
149
0.0
100
AcDbLayout
  1
Layout2
 70
     1
 71
     2
 10
0.0
 20
0.0
 11
0.0
 21
0.0
 12
0.0
 22
0.0
 32
0.0
 14
0.0
 24
0.0
 34
0.0
 15
0.0
 25
0.0
 35
0.0
146
0.0
 13
0.0
 23
0.0
 33
0.0
 16
1.0
 26
0.0
 36
0.0
 17
0.0
 27
1.0
 37
0.0
 76
     0
330
23
  0
LAYOUT
  5
22
102
{ACAD_REACTORS
330
1A
102
}
330
1A
100
AcDbPlotSettings
  1

  2
none_device
  4
Letter_(8.50_x_11.00_Inches)
  6

 40
6.35
 41
6.35
 42
6.35000508
 43
6.35000508
 44
215.9
 45
279.4
 46
0.0
 47
0.0
 48
0.0
 49
0.0
140
0.0
141
0.0
142
1.0
143
1.0
 70
  1712
 72
     1
 73
     0
 74
     0
  7

 75
     0
147
1.0
148
0.0
149
0.0
100
AcDbLayout
  1
Model
 70
     1
 71
     0
 10
0.0
 20
0.0
 11
841.0
 21
594.0
 12
0.0
 22
0.0
 32
0.0
 14
0.0
 24
0.0
 34
0.0
 15
841.0
 25
594.0
 35
0.0
146
0.0
 13
0.0
 23
0.0
 33
0.0
 16
1.0
 26
0.0
 36
0.0
 17
0.0
 27
1.0
 37
0.0
 76
     0
330
1F
331
29
  0
MLINESTYLE
  5
18
102
{ACAD_REACTORS
330
17
102
}
330
17
100
AcDbMlineStyle
  2
Standard
 70
     0
  3

 62
   256
 51
90.0
 52
90.0
 71
     2
 49
0.5
 62
   256
  6
BYLAYER
 49
-0.5
 62
   256
  6
BYLAYER
  0
ACDBPLACEHOLDER
  5
F
102
{ACAD_REACTORS
330
E
102
}
330
E
  0
SCALE
  5
48
102
{ACAD_REACTORS
330
47
102
}
330
47
100
AcDbScale
 70
     0
300
1:1
140
1.0
141
1.0
290
     1
  0
SCALE
  5
49
102
{ACAD_REACTORS
330
47
102
}
330
47
100
AcDbScale
 70
     0
300
1:2
140
1.0
141
2.0
290
     0
  0
SCALE
  5
4A
102
{ACAD_REACTORS
330
47
102
}
330
47
100
AcDbScale
 70
     0
300
1:4
140
1.0
141
4.0
290
     0
  0
SCALE
  5
4B
102
{ACAD_REACTORS
330
47
102
}
330
47
100
AcDbScale
 70
     0
300
1:5
140
1.0
141
5.0
290
     0
  0
SCALE
  5
4C
102
{ACAD_REACTORS
330
47
102
}
330
47
100
AcDbScale
 70
     0
300
1:8
140
1.0
141
8.0
290
     0
  0
SCALE
  5
4D
102
{ACAD_REACTORS
330
47
102
}
330
47
100
AcDbScale
 70
     0
300
1:10
140
1.0
141
10.0
290
     0
  0
SCALE
  5
4E
102
{ACAD_REACTORS
330
47
102
}
330
47
100
AcDbScale
 70
     0
300
1:16
140
1.0
141
16.0
290
     0
  0
SCALE
  5
4F
102
{ACAD_REACTORS
330
47
102
}
330
47
100
AcDbScale
 70
     0
300
1:20
140
1.0
141
20.0
290
     0
  0
SCALE
  5
50
102
{ACAD_REACTORS
330
47
102
}
330
47
100
AcDbScale
 70
     0
300
1:30
140
1.0
141
30.0
290
     0
  0
SCALE
  5
51
102
{ACAD_REACTORS
330
47
102
}
330
47
100
AcDbScale
 70
     0
300
1:40
140
1.0
141
40.0
290
     0
  0
SCALE
  5
52
102
{ACAD_REACTORS
330
47
102
}
330
47
100
AcDbScale
 70
     0
300
1:50
140
1.0
141
50.0
290
     0
  0
SCALE
  5
53
102
{ACAD_REACTORS
330
47
102
}
330
47
100
AcDbScale
 70
     0
300
1:100
140
1.0
141
100.0
290
     0
  0
SCALE
  5
54
102
{ACAD_REACTORS
330
47
102
}
330
47
100
AcDbScale
 70
     0
300
2:1
140
2.0
141
1.0
290
     0
  0
SCALE
  5
55
102
{ACAD_REACTORS
330
47
102
}
330
47
100
AcDbScale
 70
     0
300
4:1
140
4.0
141
1.0
290
     0
  0
SCALE
  5
56
102
{ACAD_REACTORS
330
47
102
}
330
47
100
AcDbScale
 70
     0
300
8:1
140
8.0
141
1.0
290
     0
  0
SCALE
  5
57
102
{ACAD_REACTORS
330
47
102
}
330
47
100
AcDbScale
 70
     0
300
10:1
140
10.0
141
1.0
290
     0
  0
SCALE
  5
58
102
{ACAD_REACTORS
330
47
102
}
330
47
100
AcDbScale
 70
     0
300
100:1
140
100.0
141
1.0
290
     0
  0
ENDSEC
  0
EOF
